Scheduled_Date,Day,Time_UTC,Platform,Content_Type,Episode,Title,Copy,Tags,Media_Path,CTA
2026-09-13,Sunday,08:00,YouTube,Long-Form Video (16:9 4K),Episode 1,Episode 1: You Don't Need Another Islamic Video — You Need the Qur'an,"Full video essay exploring Surah Muhammad 47:24 and the journey back to divine guidance. Join us for an unhurried, authentic reflection.

Watch here: https://youtube.com/@HuursStudio

Download the companion guide via link in description.",#ComeBackToQuran #HuursStudio #Tadabbur #QuranReflection,10_VIDEO/QURAN-COMEBACK-VIDEO-001.md,Watch the full episode on YouTube
2026-09-14,Monday,12:00,YouTube Shorts / Reels / TikTok,Vertical Video (9:16),Episode 1,Short 1.1: The Problem We Ignore,"Why do we spend hours listening to people talk ABOUT Allah, but never sit down to listen to Allah Himself? You Don't Need Another Islamic Video — You Need the Qur'an. #Shorts",#Shorts #Reels #TikTok #QuranReminder #SpiritualAwakening,08_SCRIPTS/QURAN-COMEBACK-SHORTS-001.md#Scene-1,Follow @HuursStudio for daily reflection
2026-09-15,Tuesday,12:00,YouTube Shorts / Reels / TikTok,Vertical Video (9:16),Episode 1,Short 1.2: The Ayah (Surah Muhammad 47:24),Listen to this verse with an open heart. Surah Muhammad 47:24. What is Allah asking of you right now?,#QuranAyah #DailyQuran #Tadabbur #HuursStudio,08_SCRIPTS/QURAN-COMEBACK-SHORTS-001.md#Scene-2,Save this verse for your evening prayer
2026-09-15,Tuesday,15:00,WhatsApp Status / Telegram Channel,Reflection Card & Supplication,Episode 1,Daily Card: Surah Muhammad 47:24,"🌿 *Huurs Daily Contemplation — Episode 1*

""Surah Muhammad 47:24""

Pause for 60 seconds before scrolling further. Speak to Allah in your own words today.",#DailyReflection,14_SOCIAL/QURAN-COMEBACK-SOCIAL-001.md#WhatsApp,Share with family and friends
2026-09-16,Wednesday,12:00,YouTube Shorts / Reels / TikTok,Vertical Video (9:16),Episode 1,Short 1.3: The Action Step,Don't change everything overnight. Just commit 5 minutes tonight to Surah Muhammad 47:24. Here's the exact micro-routine.,#QuranHabit #ProductiveMuslim #Consistency,08_SCRIPTS/QURAN-COMEBACK-SHORTS-001.md#Scene-3,Try this 5-minute action tonight
2026-09-16,Wednesday,16:00,Instagram,10-Slide Educational Carousel,Episode 1,Instagram Carousel: You Don't Need Another Islamic Video — You Need the Qur'an,"We don't lack reminders. We lack five quiet minutes with the words of our Lord.

If you’ve been feeling distant, tired, or spiritually dry, don’t wait until you “fix your life” before opening the Qur'an. The Qur'an is where the healing begins.

Tonight, take the 5-Minute Return challenge:
1. Turn off your screen.
2. Read Surah Al-Baqarah, verse 186.
3. Make one sincere, private dua.

Save this for tonight, and share it with someone who needs to hear this.

#ComeBackToQuran #Tadabbur #QuranReflection #SpiritualRenewal #HuursStudio #ReadReflectReturn",#ComeBackToQuran #Tadabbur #QuranReflection #SpiritualRenewal #HuursStudio,14_SOCIAL/renders/carousel_001/,Save this post and swipe through
2026-09-17,Thursday,12:00,YouTube Shorts / Reels / TikTok,Vertical Video (9:16),Episode 1,Short 1.4: The Diagnostic Question,An honest question for your soul today: When was the last time the Qur'an made you pause and weep in relief? You Don't Need Another Islamic Video — You Need the Qur'an.,#DeepQuestion #HeartAudit #FaithReflection,08_SCRIPTS/QURAN-COMEBACK-SHORTS-001.md#Scene-4,Comment your thoughts below
2026-09-17,Thursday,17:00,Email / Substack Newsletter,Contemplation Essay & Weekly Check-in,Episode 1,Weekly Contemplation: You Don't Need Another Islamic Video — You Need the Qur'an,"Weekly broadcast dropping the complete pedagogical context of Surah Muhammad 47:24, classical tafsir insights from Ibn Kathir, and guided journal prompts.",#Newsletter #EmailBroadcast,15_MARKETING/QURAN-COMEBACK-EMAIL-SERIES-001.md,Read the full newsletter essay
2026-09-18,Friday,07:00,YouTube Shorts / Reels / TikTok,Vertical Video (9:16),Episode 1,Short 1.5: Jummah Mindset Shift,"Jummah Mubarak. As you prepare for prayer, remember: Surah Muhammad 47:24. A mind that rushes through life misses the peace of the Qur'an.",#JummahMubarak #FridayReflection #Tartil,08_SCRIPTS/QURAN-COMEBACK-SHORTS-001.md#Scene-5,Read Surah Al-Kahf with presence today
2026-09-18,Friday,10:00,Twitter / X,10-Post Contemplative Thread,Episode 1,X Thread: You Don't Need Another Islamic Video — You Need the Qur'an,1/10 Most Muslims think they need another motivational lecture. But here is why the Qur'an is the only thing that actually cures the restless heart: A thread on Surah Muhammad 47:24. 🧵,#Quran #Islam #Tadabbur #Wisdom,14_SOCIAL/QURAN-COMEBACK-SOCIAL-001.md#Twitter,Retweet the thread to share guidance
2026-09-19,Saturday,09:00,Spotify / Apple Podcasts / Web,Spoken Reflection Audio (Meditation / Podcast),Episode 1,Spoken Reflection: You Don't Need Another Islamic Video — You Need the Qur'an,"Unhurried 6-minute spoken reflection over natural morning acoustic atmosphere (zero music). Designed for morning walks, quiet commutes, or evening reflection. You Don't Need Another Islamic Video — You Need the Qur'an.",#IslamicPodcast #CalmReflection #MorningRoutine,11_AUDIO/QURAN-COMEBACK-AUDIO-001.md,Listen on Spotify or Apple Podcasts
2026-09-20,Sunday,08:00,YouTube,Long-Form Video (16:9 4K),Episode 2,Episode 2: What Is the Qur'an Actually For?,"Full video essay exploring Surah Al-Baqarah 2:2 and the journey back to divine guidance. Join us for an unhurried, authentic reflection.

Watch here: https://youtube.com/@HuursStudio

Download the companion guide via link in description.",#ComeBackToQuran #HuursStudio #Tadabbur #QuranReflection,10_VIDEO/QURAN-COMEBACK-VIDEO-002.md,Watch the full episode on YouTube
2026-09-21,Monday,12:00,YouTube Shorts / Reels / TikTok,Vertical Video (9:16),Episode 2,Short 2.1: The Problem We Ignore,"Why do we spend hours listening to people talk ABOUT Allah, but never sit down to listen to Allah Himself? What Is the Qur'an Actually For?. #Shorts",#Shorts #Reels #TikTok #QuranReminder #SpiritualAwakening,08_SCRIPTS/QURAN-COMEBACK-SHORTS-002.md#Scene-1,Follow @HuursStudio for daily reflection
2026-09-22,Tuesday,12:00,YouTube Shorts / Reels / TikTok,Vertical Video (9:16),Episode 2,Short 2.2: The Ayah (Surah Al-Baqarah 2:2),Listen to this verse with an open heart. Surah Al-Baqarah 2:2. What is Allah asking of you right now?,#QuranAyah #DailyQuran #Tadabbur #HuursStudio,08_SCRIPTS/QURAN-COMEBACK-SHORTS-002.md#Scene-2,Save this verse for your evening prayer
2026-09-22,Tuesday,15:00,WhatsApp Status / Telegram Channel,Reflection Card & Supplication,Episode 2,Daily Card: Surah Al-Baqarah 2:2,"🌿 *Huurs Daily Contemplation — Episode 2*

""Surah Al-Baqarah 2:2""

Pause for 60 seconds before scrolling further. Speak to Allah in your own words today.",#DailyReflection,14_SOCIAL/QURAN-COMEBACK-SOCIAL-002.md#WhatsApp,Share with family and friends
2026-09-23,Wednesday,12:00,YouTube Shorts / Reels / TikTok,Vertical Video (9:16),Episode 2,Short 2.3: The Action Step,Don't change everything overnight. Just commit 5 minutes tonight to Surah Al-Baqarah 2:2. Here's the exact micro-routine.,#QuranHabit #ProductiveMuslim #Consistency,08_SCRIPTS/QURAN-COMEBACK-SHORTS-002.md#Scene-3,Try this 5-minute action tonight
2026-09-23,Wednesday,16:00,Instagram,10-Slide Educational Carousel,Episode 2,Instagram Carousel: What Is the Qur'an Actually For?,Come back to the Qur'an with Episode 2: What Is the Qur'an Actually For?. Focus on Surah Al-Baqarah 2:2. Read it. Understand it. Live it.,#ComeBackToQuran #Tadabbur #QuranReflection #SpiritualRenewal #HuursStudio,14_SOCIAL/renders/carousel_002/,Save this post and swipe through
2026-09-24,Thursday,12:00,YouTube Shorts / Reels / TikTok,Vertical Video (9:16),Episode 2,Short 2.4: The Diagnostic Question,An honest question for your soul today: When was the last time the Qur'an made you pause and weep in relief? What Is the Qur'an Actually For?.,#DeepQuestion #HeartAudit #FaithReflection,08_SCRIPTS/QURAN-COMEBACK-SHORTS-002.md#Scene-4,Comment your thoughts below
2026-09-24,Thursday,17:00,Email / Substack Newsletter,Contemplation Essay & Weekly Check-in,Episode 2,Weekly Contemplation: What Is the Qur'an Actually For?,"Weekly broadcast dropping the complete pedagogical context of Surah Al-Baqarah 2:2, classical tafsir insights from Ibn Kathir, and guided journal prompts.",#Newsletter #EmailBroadcast,15_MARKETING/QURAN-COMEBACK-EMAIL-SERIES-001.md,Read the full newsletter essay
2026-09-25,Friday,07:00,YouTube Shorts / Reels / TikTok,Vertical Video (9:16),Episode 2,Short 2.5: Jummah Mindset Shift,"Jummah Mubarak. As you prepare for prayer, remember: Surah Al-Baqarah 2:2. A mind that rushes through life misses the peace of the Qur'an.",#JummahMubarak #FridayReflection #Tartil,08_SCRIPTS/QURAN-COMEBACK-SHORTS-002.md#Scene-5,Read Surah Al-Kahf with presence today
2026-09-25,Friday,10:00,Twitter / X,10-Post Contemplative Thread,Episode 2,X Thread: What Is the Qur'an Actually For?,1/10 Most Muslims think they need another motivational lecture. But here is why the Qur'an is the only thing that actually cures the restless heart: A thread on Surah Al-Baqarah 2:2. 🧵,#Quran #Islam #Tadabbur #Wisdom,14_SOCIAL/QURAN-COMEBACK-SOCIAL-002.md#Twitter,Retweet the thread to share guidance
2026-09-26,Saturday,09:00,Spotify / Apple Podcasts / Web,Spoken Reflection Audio (Meditation / Podcast),Episode 2,Spoken Reflection: What Is the Qur'an Actually For?,"Unhurried 6-minute spoken reflection over natural morning acoustic atmosphere (zero music). Designed for morning walks, quiet commutes, or evening reflection. What Is the Qur'an Actually For?.",#IslamicPodcast #CalmReflection #MorningRoutine,11_AUDIO/QURAN-COMEBACK-AUDIO-002.md,Listen on Spotify or Apple Podcasts
2026-09-27,Sunday,08:00,YouTube,Long-Form Video (16:9 4K),Episode 3,Episode 3: Allah Is Closer Than You Think,"Full video essay exploring Surah Al-Baqarah 2:186 and the journey back to divine guidance. Join us for an unhurried, authentic reflection.

Watch here: https://youtube.com/@HuursStudio

Download the companion guide via link in description.",#ComeBackToQuran #HuursStudio #Tadabbur #QuranReflection,10_VIDEO/QURAN-COMEBACK-VIDEO-003.md,Watch the full episode on YouTube
2026-09-28,Monday,12:00,YouTube Shorts / Reels / TikTok,Vertical Video (9:16),Episode 3,Short 3.1: The Problem We Ignore,"Why do we spend hours listening to people talk ABOUT Allah, but never sit down to listen to Allah Himself? Allah Is Closer Than You Think. #Shorts",#Shorts #Reels #TikTok #QuranReminder #SpiritualAwakening,08_SCRIPTS/QURAN-COMEBACK-SHORTS-003.md#Scene-1,Follow @HuursStudio for daily reflection
2026-09-29,Tuesday,12:00,YouTube Shorts / Reels / TikTok,Vertical Video (9:16),Episode 3,Short 3.2: The Ayah (Surah Al-Baqarah 2:186),Listen to this verse with an open heart. Surah Al-Baqarah 2:186. What is Allah asking of you right now?,#QuranAyah #DailyQuran #Tadabbur #HuursStudio,08_SCRIPTS/QURAN-COMEBACK-SHORTS-003.md#Scene-2,Save this verse for your evening prayer
2026-09-29,Tuesday,15:00,WhatsApp Status / Telegram Channel,Reflection Card & Supplication,Episode 3,Daily Card: Surah Al-Baqarah 2:186,"🌿 *Huurs Daily Contemplation — Episode 3*

""Surah Al-Baqarah 2:186""

Pause for 60 seconds before scrolling further. Speak to Allah in your own words today.",#DailyReflection,14_SOCIAL/QURAN-COMEBACK-SOCIAL-003.md#WhatsApp,Share with family and friends
2026-09-30,Wednesday,12:00,YouTube Shorts / Reels / TikTok,Vertical Video (9:16),Episode 3,Short 3.3: The Action Step,Don't change everything overnight. Just commit 5 minutes tonight to Surah Al-Baqarah 2:186. Here's the exact micro-routine.,#QuranHabit #ProductiveMuslim #Consistency,08_SCRIPTS/QURAN-COMEBACK-SHORTS-003.md#Scene-3,Try this 5-minute action tonight
2026-09-30,Wednesday,16:00,Instagram,10-Slide Educational Carousel,Episode 3,Instagram Carousel: Allah Is Closer Than You Think,Come back to the Qur'an with Episode 3: Allah Is Closer Than You Think. Focus on Surah Al-Baqarah 2:186. Read it. Understand it. Live it.,#ComeBackToQuran #Tadabbur #QuranReflection #SpiritualRenewal #HuursStudio,14_SOCIAL/renders/carousel_003/,Save this post and swipe through
2026-10-01,Thursday,12:00,YouTube Shorts / Reels / TikTok,Vertical Video (9:16),Episode 3,Short 3.4: The Diagnostic Question,An honest question for your soul today: When was the last time the Qur'an made you pause and weep in relief? Allah Is Closer Than You Think.,#DeepQuestion #HeartAudit #FaithReflection,08_SCRIPTS/QURAN-COMEBACK-SHORTS-003.md#Scene-4,Comment your thoughts below
2026-10-01,Thursday,17:00,Email / Substack Newsletter,Contemplation Essay & Weekly Check-in,Episode 3,Weekly Contemplation: Allah Is Closer Than You Think,"Weekly broadcast dropping the complete pedagogical context of Surah Al-Baqarah 2:186, classical tafsir insights from Ibn Kathir, and guided journal prompts.",#Newsletter #EmailBroadcast,15_MARKETING/QURAN-COMEBACK-EMAIL-SERIES-001.md,Read the full newsletter essay
2026-10-02,Friday,07:00,YouTube Shorts / Reels / TikTok,Vertical Video (9:16),Episode 3,Short 3.5: Jummah Mindset Shift,"Jummah Mubarak. As you prepare for prayer, remember: Surah Al-Baqarah 2:186. A mind that rushes through life misses the peace of the Qur'an.",#JummahMubarak #FridayReflection #Tartil,08_SCRIPTS/QURAN-COMEBACK-SHORTS-003.md#Scene-5,Read Surah Al-Kahf with presence today
2026-10-02,Friday,10:00,Twitter / X,10-Post Contemplative Thread,Episode 3,X Thread: Allah Is Closer Than You Think,1/10 Most Muslims think they need another motivational lecture. But here is why the Qur'an is the only thing that actually cures the restless heart: A thread on Surah Al-Baqarah 2:186. 🧵,#Quran #Islam #Tadabbur #Wisdom,14_SOCIAL/QURAN-COMEBACK-SOCIAL-003.md#Twitter,Retweet the thread to share guidance
2026-10-03,Saturday,09:00,Spotify / Apple Podcasts / Web,Spoken Reflection Audio (Meditation / Podcast),Episode 3,Spoken Reflection: Allah Is Closer Than You Think,"Unhurried 6-minute spoken reflection over natural morning acoustic atmosphere (zero music). Designed for morning walks, quiet commutes, or evening reflection. Allah Is Closer Than You Think.",#IslamicPodcast #CalmReflection #MorningRoutine,11_AUDIO/QURAN-COMEBACK-AUDIO-003.md,Listen on Spotify or Apple Podcasts
2026-10-04,Sunday,08:00,YouTube,Long-Form Video (16:9 4K),Episode 4,Episode 4: What If You've Been Away From Allah?,"Full video essay exploring Surah Az-Zumar 39:53 and the journey back to divine guidance. Join us for an unhurried, authentic reflection.

Watch here: https://youtube.com/@HuursStudio

Download the companion guide via link in description.",#ComeBackToQuran #HuursStudio #Tadabbur #QuranReflection,10_VIDEO/QURAN-COMEBACK-VIDEO-004.md,Watch the full episode on YouTube
2026-10-05,Monday,12:00,YouTube Shorts / Reels / TikTok,Vertical Video (9:16),Episode 4,Short 4.1: The Problem We Ignore,"Why do we spend hours listening to people talk ABOUT Allah, but never sit down to listen to Allah Himself? What If You've Been Away From Allah?. #Shorts",#Shorts #Reels #TikTok #QuranReminder #SpiritualAwakening,08_SCRIPTS/QURAN-COMEBACK-SHORTS-004.md#Scene-1,Follow @HuursStudio for daily reflection
2026-10-06,Tuesday,12:00,YouTube Shorts / Reels / TikTok,Vertical Video (9:16),Episode 4,Short 4.2: The Ayah (Surah Az-Zumar 39:53),Listen to this verse with an open heart. Surah Az-Zumar 39:53. What is Allah asking of you right now?,#QuranAyah #DailyQuran #Tadabbur #HuursStudio,08_SCRIPTS/QURAN-COMEBACK-SHORTS-004.md#Scene-2,Save this verse for your evening prayer
2026-10-06,Tuesday,15:00,WhatsApp Status / Telegram Channel,Reflection Card & Supplication,Episode 4,Daily Card: Surah Az-Zumar 39:53,"🌿 *Huurs Daily Contemplation — Episode 4*

""Surah Az-Zumar 39:53""

Pause for 60 seconds before scrolling further. Speak to Allah in your own words today.",#DailyReflection,14_SOCIAL/QURAN-COMEBACK-SOCIAL-004.md#WhatsApp,Share with family and friends
2026-10-07,Wednesday,12:00,YouTube Shorts / Reels / TikTok,Vertical Video (9:16),Episode 4,Short 4.3: The Action Step,Don't change everything overnight. Just commit 5 minutes tonight to Surah Az-Zumar 39:53. Here's the exact micro-routine.,#QuranHabit #ProductiveMuslim #Consistency,08_SCRIPTS/QURAN-COMEBACK-SHORTS-004.md#Scene-3,Try this 5-minute action tonight
2026-10-07,Wednesday,16:00,Instagram,10-Slide Educational Carousel,Episode 4,Instagram Carousel: What If You've Been Away From Allah?,Come back to the Qur'an with Episode 4: What If You've Been Away From Allah?. Focus on Surah Az-Zumar 39:53. Read it. Understand it. Live it.,#ComeBackToQuran #Tadabbur #QuranReflection #SpiritualRenewal #HuursStudio,14_SOCIAL/renders/carousel_004/,Save this post and swipe through
2026-10-08,Thursday,12:00,YouTube Shorts / Reels / TikTok,Vertical Video (9:16),Episode 4,Short 4.4: The Diagnostic Question,An honest question for your soul today: When was the last time the Qur'an made you pause and weep in relief? What If You've Been Away From Allah?.,#DeepQuestion #HeartAudit #FaithReflection,08_SCRIPTS/QURAN-COMEBACK-SHORTS-004.md#Scene-4,Comment your thoughts below
2026-10-08,Thursday,17:00,Email / Substack Newsletter,Contemplation Essay & Weekly Check-in,Episode 4,Weekly Contemplation: What If You've Been Away From Allah?,"Weekly broadcast dropping the complete pedagogical context of Surah Az-Zumar 39:53, classical tafsir insights from Ibn Kathir, and guided journal prompts.",#Newsletter #EmailBroadcast,15_MARKETING/QURAN-COMEBACK-EMAIL-SERIES-001.md,Read the full newsletter essay
2026-10-09,Friday,07:00,YouTube Shorts / Reels / TikTok,Vertical Video (9:16),Episode 4,Short 4.5: Jummah Mindset Shift,"Jummah Mubarak. As you prepare for prayer, remember: Surah Az-Zumar 39:53. A mind that rushes through life misses the peace of the Qur'an.",#JummahMubarak #FridayReflection #Tartil,08_SCRIPTS/QURAN-COMEBACK-SHORTS-004.md#Scene-5,Read Surah Al-Kahf with presence today
2026-10-09,Friday,10:00,Twitter / X,10-Post Contemplative Thread,Episode 4,X Thread: What If You've Been Away From Allah?,1/10 Most Muslims think they need another motivational lecture. But here is why the Qur'an is the only thing that actually cures the restless heart: A thread on Surah Az-Zumar 39:53. 🧵,#Quran #Islam #Tadabbur #Wisdom,14_SOCIAL/QURAN-COMEBACK-SOCIAL-004.md#Twitter,Retweet the thread to share guidance
2026-10-10,Saturday,09:00,Spotify / Apple Podcasts / Web,Spoken Reflection Audio (Meditation / Podcast),Episode 4,Spoken Reflection: What If You've Been Away From Allah?,"Unhurried 6-minute spoken reflection over natural morning acoustic atmosphere (zero music). Designed for morning walks, quiet commutes, or evening reflection. What If You've Been Away From Allah?.",#IslamicPodcast #CalmReflection #MorningRoutine,11_AUDIO/QURAN-COMEBACK-AUDIO-004.md,Listen on Spotify or Apple Podcasts
2026-10-11,Sunday,08:00,YouTube,Long-Form Video (16:9 4K),Episode 5,Episode 5: When Life Becomes Heavy,"Full video essay exploring Surah Ash-Sharh 94:1–8 and the journey back to divine guidance. Join us for an unhurried, authentic reflection.

Watch here: https://youtube.com/@HuursStudio

Download the companion guide via link in description.",#ComeBackToQuran #HuursStudio #Tadabbur #QuranReflection,10_VIDEO/QURAN-COMEBACK-VIDEO-005.md,Watch the full episode on YouTube
2026-10-12,Monday,12:00,YouTube Shorts / Reels / TikTok,Vertical Video (9:16),Episode 5,Short 5.1: The Problem We Ignore,"Why do we spend hours listening to people talk ABOUT Allah, but never sit down to listen to Allah Himself? When Life Becomes Heavy. #Shorts",#Shorts #Reels #TikTok #QuranReminder #SpiritualAwakening,08_SCRIPTS/QURAN-COMEBACK-SHORTS-005.md#Scene-1,Follow @HuursStudio for daily reflection
2026-10-13,Tuesday,12:00,YouTube Shorts / Reels / TikTok,Vertical Video (9:16),Episode 5,Short 5.2: The Ayah (Surah Ash-Sharh 94:1–8),Listen to this verse with an open heart. Surah Ash-Sharh 94:1–8. What is Allah asking of you right now?,#QuranAyah #DailyQuran #Tadabbur #HuursStudio,08_SCRIPTS/QURAN-COMEBACK-SHORTS-005.md#Scene-2,Save this verse for your evening prayer
2026-10-13,Tuesday,15:00,WhatsApp Status / Telegram Channel,Reflection Card & Supplication,Episode 5,Daily Card: Surah Ash-Sharh 94:1–8,"🌿 *Huurs Daily Contemplation — Episode 5*

""Surah Ash-Sharh 94:1–8""

Pause for 60 seconds before scrolling further. Speak to Allah in your own words today.",#DailyReflection,14_SOCIAL/QURAN-COMEBACK-SOCIAL-005.md#WhatsApp,Share with family and friends
2026-10-14,Wednesday,12:00,YouTube Shorts / Reels / TikTok,Vertical Video (9:16),Episode 5,Short 5.3: The Action Step,Don't change everything overnight. Just commit 5 minutes tonight to Surah Ash-Sharh 94:1–8. Here's the exact micro-routine.,#QuranHabit #ProductiveMuslim #Consistency,08_SCRIPTS/QURAN-COMEBACK-SHORTS-005.md#Scene-3,Try this 5-minute action tonight
2026-10-14,Wednesday,16:00,Instagram,10-Slide Educational Carousel,Episode 5,Instagram Carousel: When Life Becomes Heavy,Come back to the Qur'an with Episode 5: When Life Becomes Heavy. Focus on Surah Ash-Sharh 94:1–8. Read it. Understand it. Live it.,#ComeBackToQuran #Tadabbur #QuranReflection #SpiritualRenewal #HuursStudio,14_SOCIAL/renders/carousel_005/,Save this post and swipe through
2026-10-15,Thursday,12:00,YouTube Shorts / Reels / TikTok,Vertical Video (9:16),Episode 5,Short 5.4: The Diagnostic Question,An honest question for your soul today: When was the last time the Qur'an made you pause and weep in relief? When Life Becomes Heavy.,#DeepQuestion #HeartAudit #FaithReflection,08_SCRIPTS/QURAN-COMEBACK-SHORTS-005.md#Scene-4,Comment your thoughts below
2026-10-15,Thursday,17:00,Email / Substack Newsletter,Contemplation Essay & Weekly Check-in,Episode 5,Weekly Contemplation: When Life Becomes Heavy,"Weekly broadcast dropping the complete pedagogical context of Surah Ash-Sharh 94:1–8, classical tafsir insights from Ibn Kathir, and guided journal prompts.",#Newsletter #EmailBroadcast,15_MARKETING/QURAN-COMEBACK-EMAIL-SERIES-001.md,Read the full newsletter essay
2026-10-16,Friday,07:00,YouTube Shorts / Reels / TikTok,Vertical Video (9:16),Episode 5,Short 5.5: Jummah Mindset Shift,"Jummah Mubarak. As you prepare for prayer, remember: Surah Ash-Sharh 94:1–8. A mind that rushes through life misses the peace of the Qur'an.",#JummahMubarak #FridayReflection #Tartil,08_SCRIPTS/QURAN-COMEBACK-SHORTS-005.md#Scene-5,Read Surah Al-Kahf with presence today
2026-10-16,Friday,10:00,Twitter / X,10-Post Contemplative Thread,Episode 5,X Thread: When Life Becomes Heavy,1/10 Most Muslims think they need another motivational lecture. But here is why the Qur'an is the only thing that actually cures the restless heart: A thread on Surah Ash-Sharh 94:1–8. 🧵,#Quran #Islam #Tadabbur #Wisdom,14_SOCIAL/QURAN-COMEBACK-SOCIAL-005.md#Twitter,Retweet the thread to share guidance
2026-10-17,Saturday,09:00,Spotify / Apple Podcasts / Web,Spoken Reflection Audio (Meditation / Podcast),Episode 5,Spoken Reflection: When Life Becomes Heavy,"Unhurried 6-minute spoken reflection over natural morning acoustic atmosphere (zero music). Designed for morning walks, quiet commutes, or evening reflection. When Life Becomes Heavy.",#IslamicPodcast #CalmReflection #MorningRoutine,11_AUDIO/QURAN-COMEBACK-AUDIO-005.md,Listen on Spotify or Apple Podcasts
2026-10-18,Sunday,08:00,YouTube,Long-Form Video (16:9 4K),Episode 6,Episode 6: The Most Important Dua You Say Every Day,"Full video essay exploring Surah Al-Fatihah 1:6–7 and the journey back to divine guidance. Join us for an unhurried, authentic reflection.

Watch here: https://youtube.com/@HuursStudio

Download the companion guide via link in description.",#ComeBackToQuran #HuursStudio #Tadabbur #QuranReflection,10_VIDEO/QURAN-COMEBACK-VIDEO-006.md,Watch the full episode on YouTube
2026-10-19,Monday,12:00,YouTube Shorts / Reels / TikTok,Vertical Video (9:16),Episode 6,Short 6.1: The Problem We Ignore,"Why do we spend hours listening to people talk ABOUT Allah, but never sit down to listen to Allah Himself? The Most Important Dua You Say Every Day. #Shorts",#Shorts #Reels #TikTok #QuranReminder #SpiritualAwakening,08_SCRIPTS/QURAN-COMEBACK-SHORTS-006.md#Scene-1,Follow @HuursStudio for daily reflection
2026-10-20,Tuesday,12:00,YouTube Shorts / Reels / TikTok,Vertical Video (9:16),Episode 6,Short 6.2: The Ayah (Surah Al-Fatihah 1:6–7),Listen to this verse with an open heart. Surah Al-Fatihah 1:6–7. What is Allah asking of you right now?,#QuranAyah #DailyQuran #Tadabbur #HuursStudio,08_SCRIPTS/QURAN-COMEBACK-SHORTS-006.md#Scene-2,Save this verse for your evening prayer
2026-10-20,Tuesday,15:00,WhatsApp Status / Telegram Channel,Reflection Card & Supplication,Episode 6,Daily Card: Surah Al-Fatihah 1:6–7,"🌿 *Huurs Daily Contemplation — Episode 6*

""Surah Al-Fatihah 1:6–7""

Pause for 60 seconds before scrolling further. Speak to Allah in your own words today.",#DailyReflection,14_SOCIAL/QURAN-COMEBACK-SOCIAL-006.md#WhatsApp,Share with family and friends
2026-10-21,Wednesday,12:00,YouTube Shorts / Reels / TikTok,Vertical Video (9:16),Episode 6,Short 6.3: The Action Step,Don't change everything overnight. Just commit 5 minutes tonight to Surah Al-Fatihah 1:6–7. Here's the exact micro-routine.,#QuranHabit #ProductiveMuslim #Consistency,08_SCRIPTS/QURAN-COMEBACK-SHORTS-006.md#Scene-3,Try this 5-minute action tonight
2026-10-21,Wednesday,16:00,Instagram,10-Slide Educational Carousel,Episode 6,Instagram Carousel: The Most Important Dua You Say Every Day,Come back to the Qur'an with Episode 6: The Most Important Dua You Say Every Day. Focus on Surah Al-Fatihah 1:6–7. Read it. Understand it. Live it.,#ComeBackToQuran #Tadabbur #QuranReflection #SpiritualRenewal #HuursStudio,14_SOCIAL/renders/carousel_006/,Save this post and swipe through
2026-10-22,Thursday,12:00,YouTube Shorts / Reels / TikTok,Vertical Video (9:16),Episode 6,Short 6.4: The Diagnostic Question,An honest question for your soul today: When was the last time the Qur'an made you pause and weep in relief? The Most Important Dua You Say Every Day.,#DeepQuestion #HeartAudit #FaithReflection,08_SCRIPTS/QURAN-COMEBACK-SHORTS-006.md#Scene-4,Comment your thoughts below
2026-10-22,Thursday,17:00,Email / Substack Newsletter,Contemplation Essay & Weekly Check-in,Episode 6,Weekly Contemplation: The Most Important Dua You Say Every Day,"Weekly broadcast dropping the complete pedagogical context of Surah Al-Fatihah 1:6–7, classical tafsir insights from Ibn Kathir, and guided journal prompts.",#Newsletter #EmailBroadcast,15_MARKETING/QURAN-COMEBACK-EMAIL-SERIES-001.md,Read the full newsletter essay
2026-10-23,Friday,07:00,YouTube Shorts / Reels / TikTok,Vertical Video (9:16),Episode 6,Short 6.5: Jummah Mindset Shift,"Jummah Mubarak. As you prepare for prayer, remember: Surah Al-Fatihah 1:6–7. A mind that rushes through life misses the peace of the Qur'an.",#JummahMubarak #FridayReflection #Tartil,08_SCRIPTS/QURAN-COMEBACK-SHORTS-006.md#Scene-5,Read Surah Al-Kahf with presence today
2026-10-23,Friday,10:00,Twitter / X,10-Post Contemplative Thread,Episode 6,X Thread: The Most Important Dua You Say Every Day,1/10 Most Muslims think they need another motivational lecture. But here is why the Qur'an is the only thing that actually cures the restless heart: A thread on Surah Al-Fatihah 1:6–7. 🧵,#Quran #Islam #Tadabbur #Wisdom,14_SOCIAL/QURAN-COMEBACK-SOCIAL-006.md#Twitter,Retweet the thread to share guidance
2026-10-24,Saturday,09:00,Spotify / Apple Podcasts / Web,Spoken Reflection Audio (Meditation / Podcast),Episode 6,Spoken Reflection: The Most Important Dua You Say Every Day,"Unhurried 6-minute spoken reflection over natural morning acoustic atmosphere (zero music). Designed for morning walks, quiet commutes, or evening reflection. The Most Important Dua You Say Every Day.",#IslamicPodcast #CalmReflection #MorningRoutine,11_AUDIO/QURAN-COMEBACK-AUDIO-006.md,Listen on Spotify or Apple Podcasts
2026-10-25,Sunday,08:00,YouTube,Long-Form Video (16:9 4K),Episode 7,Episode 7: Why Does Allah Ask Us to Read Slowly?,"Full video essay exploring Surah Al-Muzzammil 73:4 and the journey back to divine guidance. Join us for an unhurried, authentic reflection.

Watch here: https://youtube.com/@HuursStudio

Download the companion guide via link in description.",#ComeBackToQuran #HuursStudio #Tadabbur #QuranReflection,10_VIDEO/QURAN-COMEBACK-VIDEO-007.md,Watch the full episode on YouTube
2026-10-26,Monday,12:00,YouTube Shorts / Reels / TikTok,Vertical Video (9:16),Episode 7,Short 7.1: The Problem We Ignore,"Why do we spend hours listening to people talk ABOUT Allah, but never sit down to listen to Allah Himself? Why Does Allah Ask Us to Read Slowly?. #Shorts",#Shorts #Reels #TikTok #QuranReminder #SpiritualAwakening,08_SCRIPTS/QURAN-COMEBACK-SHORTS-007.md#Scene-1,Follow @HuursStudio for daily reflection
2026-10-27,Tuesday,12:00,YouTube Shorts / Reels / TikTok,Vertical Video (9:16),Episode 7,Short 7.2: The Ayah (Surah Al-Muzzammil 73:4),Listen to this verse with an open heart. Surah Al-Muzzammil 73:4. What is Allah asking of you right now?,#QuranAyah #DailyQuran #Tadabbur #HuursStudio,08_SCRIPTS/QURAN-COMEBACK-SHORTS-007.md#Scene-2,Save this verse for your evening prayer
2026-10-27,Tuesday,15:00,WhatsApp Status / Telegram Channel,Reflection Card & Supplication,Episode 7,Daily Card: Surah Al-Muzzammil 73:4,"🌿 *Huurs Daily Contemplation — Episode 7*

""Surah Al-Muzzammil 73:4""

Pause for 60 seconds before scrolling further. Speak to Allah in your own words today.",#DailyReflection,14_SOCIAL/QURAN-COMEBACK-SOCIAL-007.md#WhatsApp,Share with family and friends
2026-10-28,Wednesday,12:00,YouTube Shorts / Reels / TikTok,Vertical Video (9:16),Episode 7,Short 7.3: The Action Step,Don't change everything overnight. Just commit 5 minutes tonight to Surah Al-Muzzammil 73:4. Here's the exact micro-routine.,#QuranHabit #ProductiveMuslim #Consistency,08_SCRIPTS/QURAN-COMEBACK-SHORTS-007.md#Scene-3,Try this 5-minute action tonight
2026-10-28,Wednesday,16:00,Instagram,10-Slide Educational Carousel,Episode 7,Instagram Carousel: Why Does Allah Ask Us to Read Slowly?,Come back to the Qur'an with Episode 7: Why Does Allah Ask Us to Read Slowly?. Focus on Surah Al-Muzzammil 73:4. Read it. Understand it. Live it.,#ComeBackToQuran #Tadabbur #QuranReflection #SpiritualRenewal #HuursStudio,14_SOCIAL/renders/carousel_007/,Save this post and swipe through
2026-10-29,Thursday,12:00,YouTube Shorts / Reels / TikTok,Vertical Video (9:16),Episode 7,Short 7.4: The Diagnostic Question,An honest question for your soul today: When was the last time the Qur'an made you pause and weep in relief? Why Does Allah Ask Us to Read Slowly?.,#DeepQuestion #HeartAudit #FaithReflection,08_SCRIPTS/QURAN-COMEBACK-SHORTS-007.md#Scene-4,Comment your thoughts below
2026-10-29,Thursday,17:00,Email / Substack Newsletter,Contemplation Essay & Weekly Check-in,Episode 7,Weekly Contemplation: Why Does Allah Ask Us to Read Slowly?,"Weekly broadcast dropping the complete pedagogical context of Surah Al-Muzzammil 73:4, classical tafsir insights from Ibn Kathir, and guided journal prompts.",#Newsletter #EmailBroadcast,15_MARKETING/QURAN-COMEBACK-EMAIL-SERIES-001.md,Read the full newsletter essay
2026-10-30,Friday,07:00,YouTube Shorts / Reels / TikTok,Vertical Video (9:16),Episode 7,Short 7.5: Jummah Mindset Shift,"Jummah Mubarak. As you prepare for prayer, remember: Surah Al-Muzzammil 73:4. A mind that rushes through life misses the peace of the Qur'an.",#JummahMubarak #FridayReflection #Tartil,08_SCRIPTS/QURAN-COMEBACK-SHORTS-007.md#Scene-5,Read Surah Al-Kahf with presence today
2026-10-30,Friday,10:00,Twitter / X,10-Post Contemplative Thread,Episode 7,X Thread: Why Does Allah Ask Us to Read Slowly?,1/10 Most Muslims think they need another motivational lecture. But here is why the Qur'an is the only thing that actually cures the restless heart: A thread on Surah Al-Muzzammil 73:4. 🧵,#Quran #Islam #Tadabbur #Wisdom,14_SOCIAL/QURAN-COMEBACK-SOCIAL-007.md#Twitter,Retweet the thread to share guidance
2026-10-31,Saturday,09:00,Spotify / Apple Podcasts / Web,Spoken Reflection Audio (Meditation / Podcast),Episode 7,Spoken Reflection: Why Does Allah Ask Us to Read Slowly?,"Unhurried 6-minute spoken reflection over natural morning acoustic atmosphere (zero music). Designed for morning walks, quiet commutes, or evening reflection. Why Does Allah Ask Us to Read Slowly?.",#IslamicPodcast #CalmReflection #MorningRoutine,11_AUDIO/QURAN-COMEBACK-AUDIO-007.md,Listen on Spotify or Apple Podcasts
2026-11-01,Sunday,08:00,YouTube,Long-Form Video (16:9 4K),Episode 8,Episode 8: A Qur'an Routine for Someone Who Has No Time,"Full video essay exploring Surah Ta-Ha 20:2 and the journey back to divine guidance. Join us for an unhurried, authentic reflection.

Watch here: https://youtube.com/@HuursStudio

Download the companion guide via link in description.",#ComeBackToQuran #HuursStudio #Tadabbur #QuranReflection,10_VIDEO/QURAN-COMEBACK-VIDEO-008.md,Watch the full episode on YouTube
2026-11-02,Monday,12:00,YouTube Shorts / Reels / TikTok,Vertical Video (9:16),Episode 8,Short 8.1: The Problem We Ignore,"Why do we spend hours listening to people talk ABOUT Allah, but never sit down to listen to Allah Himself? A Qur'an Routine for Someone Who Has No Time. #Shorts",#Shorts #Reels #TikTok #QuranReminder #SpiritualAwakening,08_SCRIPTS/QURAN-COMEBACK-SHORTS-008.md#Scene-1,Follow @HuursStudio for daily reflection
2026-11-03,Tuesday,12:00,YouTube Shorts / Reels / TikTok,Vertical Video (9:16),Episode 8,Short 8.2: The Ayah (Surah Ta-Ha 20:2),Listen to this verse with an open heart. Surah Ta-Ha 20:2. What is Allah asking of you right now?,#QuranAyah #DailyQuran #Tadabbur #HuursStudio,08_SCRIPTS/QURAN-COMEBACK-SHORTS-008.md#Scene-2,Save this verse for your evening prayer
2026-11-03,Tuesday,15:00,WhatsApp Status / Telegram Channel,Reflection Card & Supplication,Episode 8,Daily Card: Surah Ta-Ha 20:2,"🌿 *Huurs Daily Contemplation — Episode 8*

""Surah Ta-Ha 20:2""

Pause for 60 seconds before scrolling further. Speak to Allah in your own words today.",#DailyReflection,14_SOCIAL/QURAN-COMEBACK-SOCIAL-008.md#WhatsApp,Share with family and friends
2026-11-04,Wednesday,12:00,YouTube Shorts / Reels / TikTok,Vertical Video (9:16),Episode 8,Short 8.3: The Action Step,Don't change everything overnight. Just commit 5 minutes tonight to Surah Ta-Ha 20:2. Here's the exact micro-routine.,#QuranHabit #ProductiveMuslim #Consistency,08_SCRIPTS/QURAN-COMEBACK-SHORTS-008.md#Scene-3,Try this 5-minute action tonight
2026-11-04,Wednesday,16:00,Instagram,10-Slide Educational Carousel,Episode 8,Instagram Carousel: A Qur'an Routine for Someone Who Has No Time,Come back to the Qur'an with Episode 8: A Qur'an Routine for Someone Who Has No Time. Focus on Surah Ta-Ha 20:2. Read it. Understand it. Live it.,#ComeBackToQuran #Tadabbur #QuranReflection #SpiritualRenewal #HuursStudio,14_SOCIAL/renders/carousel_008/,Save this post and swipe through
2026-11-05,Thursday,12:00,YouTube Shorts / Reels / TikTok,Vertical Video (9:16),Episode 8,Short 8.4: The Diagnostic Question,An honest question for your soul today: When was the last time the Qur'an made you pause and weep in relief? A Qur'an Routine for Someone Who Has No Time.,#DeepQuestion #HeartAudit #FaithReflection,08_SCRIPTS/QURAN-COMEBACK-SHORTS-008.md#Scene-4,Comment your thoughts below
2026-11-05,Thursday,17:00,Email / Substack Newsletter,Contemplation Essay & Weekly Check-in,Episode 8,Weekly Contemplation: A Qur'an Routine for Someone Who Has No Time,"Weekly broadcast dropping the complete pedagogical context of Surah Ta-Ha 20:2, classical tafsir insights from Ibn Kathir, and guided journal prompts.",#Newsletter #EmailBroadcast,15_MARKETING/QURAN-COMEBACK-EMAIL-SERIES-001.md,Read the full newsletter essay
2026-11-06,Friday,07:00,YouTube Shorts / Reels / TikTok,Vertical Video (9:16),Episode 8,Short 8.5: Jummah Mindset Shift,"Jummah Mubarak. As you prepare for prayer, remember: Surah Ta-Ha 20:2. A mind that rushes through life misses the peace of the Qur'an.",#JummahMubarak #FridayReflection #Tartil,08_SCRIPTS/QURAN-COMEBACK-SHORTS-008.md#Scene-5,Read Surah Al-Kahf with presence today
2026-11-06,Friday,10:00,Twitter / X,10-Post Contemplative Thread,Episode 8,X Thread: A Qur'an Routine for Someone Who Has No Time,1/10 Most Muslims think they need another motivational lecture. But here is why the Qur'an is the only thing that actually cures the restless heart: A thread on Surah Ta-Ha 20:2. 🧵,#Quran #Islam #Tadabbur #Wisdom,14_SOCIAL/QURAN-COMEBACK-SOCIAL-008.md#Twitter,Retweet the thread to share guidance
2026-11-07,Saturday,09:00,Spotify / Apple Podcasts / Web,Spoken Reflection Audio (Meditation / Podcast),Episode 8,Spoken Reflection: A Qur'an Routine for Someone Who Has No Time,"Unhurried 6-minute spoken reflection over natural morning acoustic atmosphere (zero music). Designed for morning walks, quiet commutes, or evening reflection. A Qur'an Routine for Someone Who Has No Time.",#IslamicPodcast #CalmReflection #MorningRoutine,11_AUDIO/QURAN-COMEBACK-AUDIO-008.md,Listen on Spotify or Apple Podcasts
2026-11-08,Sunday,08:00,YouTube,Long-Form Video (16:9 4K),Episode 9,Episode 9: The Surah That Explains Why You're Losing,"Full video essay exploring Surah Al-Asr 103:1–3 and the journey back to divine guidance. Join us for an unhurried, authentic reflection.

Watch here: https://youtube.com/@HuursStudio

Download the companion guide via link in description.",#ComeBackToQuran #HuursStudio #Tadabbur #QuranReflection,10_VIDEO/QURAN-COMEBACK-VIDEO-009.md,Watch the full episode on YouTube
2026-11-09,Monday,12:00,YouTube Shorts / Reels / TikTok,Vertical Video (9:16),Episode 9,Short 9.1: The Problem We Ignore,"Why do we spend hours listening to people talk ABOUT Allah, but never sit down to listen to Allah Himself? The Surah That Explains Why You're Losing. #Shorts",#Shorts #Reels #TikTok #QuranReminder #SpiritualAwakening,08_SCRIPTS/QURAN-COMEBACK-SHORTS-009.md#Scene-1,Follow @HuursStudio for daily reflection
2026-11-10,Tuesday,12:00,YouTube Shorts / Reels / TikTok,Vertical Video (9:16),Episode 9,Short 9.2: The Ayah (Surah Al-Asr 103:1–3),Listen to this verse with an open heart. Surah Al-Asr 103:1–3. What is Allah asking of you right now?,#QuranAyah #DailyQuran #Tadabbur #HuursStudio,08_SCRIPTS/QURAN-COMEBACK-SHORTS-009.md#Scene-2,Save this verse for your evening prayer
2026-11-10,Tuesday,15:00,WhatsApp Status / Telegram Channel,Reflection Card & Supplication,Episode 9,Daily Card: Surah Al-Asr 103:1–3,"🌿 *Huurs Daily Contemplation — Episode 9*

""Surah Al-Asr 103:1–3""

Pause for 60 seconds before scrolling further. Speak to Allah in your own words today.",#DailyReflection,14_SOCIAL/QURAN-COMEBACK-SOCIAL-009.md#WhatsApp,Share with family and friends
2026-11-11,Wednesday,12:00,YouTube Shorts / Reels / TikTok,Vertical Video (9:16),Episode 9,Short 9.3: The Action Step,Don't change everything overnight. Just commit 5 minutes tonight to Surah Al-Asr 103:1–3. Here's the exact micro-routine.,#QuranHabit #ProductiveMuslim #Consistency,08_SCRIPTS/QURAN-COMEBACK-SHORTS-009.md#Scene-3,Try this 5-minute action tonight
2026-11-11,Wednesday,16:00,Instagram,10-Slide Educational Carousel,Episode 9,Instagram Carousel: The Surah That Explains Why You're Losing,Come back to the Qur'an with Episode 9: The Surah That Explains Why You're Losing. Focus on Surah Al-Asr 103:1–3. Read it. Understand it. Live it.,#ComeBackToQuran #Tadabbur #QuranReflection #SpiritualRenewal #HuursStudio,14_SOCIAL/renders/carousel_009/,Save this post and swipe through
2026-11-12,Thursday,12:00,YouTube Shorts / Reels / TikTok,Vertical Video (9:16),Episode 9,Short 9.4: The Diagnostic Question,An honest question for your soul today: When was the last time the Qur'an made you pause and weep in relief? The Surah That Explains Why You're Losing.,#DeepQuestion #HeartAudit #FaithReflection,08_SCRIPTS/QURAN-COMEBACK-SHORTS-009.md#Scene-4,Comment your thoughts below
2026-11-12,Thursday,17:00,Email / Substack Newsletter,Contemplation Essay & Weekly Check-in,Episode 9,Weekly Contemplation: The Surah That Explains Why You're Losing,"Weekly broadcast dropping the complete pedagogical context of Surah Al-Asr 103:1–3, classical tafsir insights from Ibn Kathir, and guided journal prompts.",#Newsletter #EmailBroadcast,15_MARKETING/QURAN-COMEBACK-EMAIL-SERIES-001.md,Read the full newsletter essay
2026-11-13,Friday,07:00,YouTube Shorts / Reels / TikTok,Vertical Video (9:16),Episode 9,Short 9.5: Jummah Mindset Shift,"Jummah Mubarak. As you prepare for prayer, remember: Surah Al-Asr 103:1–3. A mind that rushes through life misses the peace of the Qur'an.",#JummahMubarak #FridayReflection #Tartil,08_SCRIPTS/QURAN-COMEBACK-SHORTS-009.md#Scene-5,Read Surah Al-Kahf with presence today
2026-11-13,Friday,10:00,Twitter / X,10-Post Contemplative Thread,Episode 9,X Thread: The Surah That Explains Why You're Losing,1/10 Most Muslims think they need another motivational lecture. But here is why the Qur'an is the only thing that actually cures the restless heart: A thread on Surah Al-Asr 103:1–3. 🧵,#Quran #Islam #Tadabbur #Wisdom,14_SOCIAL/QURAN-COMEBACK-SOCIAL-009.md#Twitter,Retweet the thread to share guidance
2026-11-14,Saturday,09:00,Spotify / Apple Podcasts / Web,Spoken Reflection Audio (Meditation / Podcast),Episode 9,Spoken Reflection: The Surah That Explains Why You're Losing,"Unhurried 6-minute spoken reflection over natural morning acoustic atmosphere (zero music). Designed for morning walks, quiet commutes, or evening reflection. The Surah That Explains Why You're Losing.",#IslamicPodcast #CalmReflection #MorningRoutine,11_AUDIO/QURAN-COMEBACK-AUDIO-009.md,Listen on Spotify or Apple Podcasts
2026-11-15,Sunday,08:00,YouTube,Long-Form Video (16:9 4K),Episode 10,"Episode 10: 30 Days From Now, You Could Be Different","Full video essay exploring Surah Ar-Ra'd & Ibrahim and the journey back to divine guidance. Join us for an unhurried, authentic reflection.

Watch here: https://youtube.com/@HuursStudio

Download the companion guide via link in description.",#ComeBackToQuran #HuursStudio #Tadabbur #QuranReflection,10_VIDEO/QURAN-COMEBACK-VIDEO-010.md,Watch the full episode on YouTube
2026-11-16,Monday,12:00,YouTube Shorts / Reels / TikTok,Vertical Video (9:16),Episode 10,Short 10.1: The Problem We Ignore,"Why do we spend hours listening to people talk ABOUT Allah, but never sit down to listen to Allah Himself? 30 Days From Now, You Could Be Different. #Shorts",#Shorts #Reels #TikTok #QuranReminder #SpiritualAwakening,08_SCRIPTS/QURAN-COMEBACK-SHORTS-010.md#Scene-1,Follow @HuursStudio for daily reflection
2026-11-17,Tuesday,12:00,YouTube Shorts / Reels / TikTok,Vertical Video (9:16),Episode 10,Short 10.2: The Ayah (Surah Ar-Ra'd & Ibrahim),Listen to this verse with an open heart. Surah Ar-Ra'd & Ibrahim. What is Allah asking of you right now?,#QuranAyah #DailyQuran #Tadabbur #HuursStudio,08_SCRIPTS/QURAN-COMEBACK-SHORTS-010.md#Scene-2,Save this verse for your evening prayer
2026-11-17,Tuesday,15:00,WhatsApp Status / Telegram Channel,Reflection Card & Supplication,Episode 10,Daily Card: Surah Ar-Ra'd & Ibrahim,"🌿 *Huurs Daily Contemplation — Episode 10*

""Surah Ar-Ra'd & Ibrahim""

Pause for 60 seconds before scrolling further. Speak to Allah in your own words today.",#DailyReflection,14_SOCIAL/QURAN-COMEBACK-SOCIAL-010.md#WhatsApp,Share with family and friends
2026-11-18,Wednesday,12:00,YouTube Shorts / Reels / TikTok,Vertical Video (9:16),Episode 10,Short 10.3: The Action Step,Don't change everything overnight. Just commit 5 minutes tonight to Surah Ar-Ra'd & Ibrahim. Here's the exact micro-routine.,#QuranHabit #ProductiveMuslim #Consistency,08_SCRIPTS/QURAN-COMEBACK-SHORTS-010.md#Scene-3,Try this 5-minute action tonight
2026-11-18,Wednesday,16:00,Instagram,10-Slide Educational Carousel,Episode 10,"Instagram Carousel: 30 Days From Now, You Could Be Different","Come back to the Qur'an with Episode 10: 30 Days From Now, You Could Be Different. Focus on Surah Ar-Ra'd & Ibrahim. Read it. Understand it. Live it.",#ComeBackToQuran #Tadabbur #QuranReflection #SpiritualRenewal #HuursStudio,14_SOCIAL/renders/carousel_010/,Save this post and swipe through
2026-11-19,Thursday,12:00,YouTube Shorts / Reels / TikTok,Vertical Video (9:16),Episode 10,Short 10.4: The Diagnostic Question,"An honest question for your soul today: When was the last time the Qur'an made you pause and weep in relief? 30 Days From Now, You Could Be Different.",#DeepQuestion #HeartAudit #FaithReflection,08_SCRIPTS/QURAN-COMEBACK-SHORTS-010.md#Scene-4,Comment your thoughts below
2026-11-19,Thursday,17:00,Email / Substack Newsletter,Contemplation Essay & Weekly Check-in,Episode 10,"Weekly Contemplation: 30 Days From Now, You Could Be Different","Weekly broadcast dropping the complete pedagogical context of Surah Ar-Ra'd & Ibrahim, classical tafsir insights from Ibn Kathir, and guided journal prompts.",#Newsletter #EmailBroadcast,15_MARKETING/QURAN-COMEBACK-EMAIL-SERIES-001.md,Read the full newsletter essay
2026-11-20,Friday,07:00,YouTube Shorts / Reels / TikTok,Vertical Video (9:16),Episode 10,Short 10.5: Jummah Mindset Shift,"Jummah Mubarak. As you prepare for prayer, remember: Surah Ar-Ra'd & Ibrahim. A mind that rushes through life misses the peace of the Qur'an.",#JummahMubarak #FridayReflection #Tartil,08_SCRIPTS/QURAN-COMEBACK-SHORTS-010.md#Scene-5,Read Surah Al-Kahf with presence today
2026-11-20,Friday,10:00,Twitter / X,10-Post Contemplative Thread,Episode 10,"X Thread: 30 Days From Now, You Could Be Different",1/10 Most Muslims think they need another motivational lecture. But here is why the Qur'an is the only thing that actually cures the restless heart: A thread on Surah Ar-Ra'd & Ibrahim. 🧵,#Quran #Islam #Tadabbur #Wisdom,14_SOCIAL/QURAN-COMEBACK-SOCIAL-010.md#Twitter,Retweet the thread to share guidance
2026-11-21,Saturday,09:00,Spotify / Apple Podcasts / Web,Spoken Reflection Audio (Meditation / Podcast),Episode 10,"Spoken Reflection: 30 Days From Now, You Could Be Different","Unhurried 6-minute spoken reflection over natural morning acoustic atmosphere (zero music). Designed for morning walks, quiet commutes, or evening reflection. 30 Days From Now, You Could Be Different.",#IslamicPodcast #CalmReflection #MorningRoutine,11_AUDIO/QURAN-COMEBACK-AUDIO-010.md,Listen on Spotify or Apple Podcasts
2026-11-22,Sunday,08:00,YouTube,Long-Form Video (16:9),Episode 11,Episode 11: How to Stand Firm When Everything Around You Is Shaking,"Full video essay exploring Surah Hud 11:112, 114–115. Uncompromising steadfastness (Istiqamah), emotional resilience in hostility, and how daily small good deeds erase missteps.

Watch here: https://youtube.com/@HuursStudio",#ComeBackToQuran #HuursStudio #Tadabbur,10_VIDEO/QURAN-COMEBACK-VIDEO-011.md,Read. Reflect. Return.
2026-11-23,Monday,12:00,YouTube Shorts / Reels / TikTok,Vertical Video (9:16),Episode 11,Short: Have you ever felt so spiritually exhausted that just holding on to your faith felt like holding a burning ember?,Have you ever felt so spiritually exhausted that just holding on to your faith felt like holding a burning ember? How to Stand Firm When Everything Around You Is Shaking. #Shorts,#Shorts #Reels #QuranReminder,08_SCRIPTS/QURAN-COMEBACK-SHORTS-011.md#Scene-1,Read. Reflect. Return.
2026-11-24,Tuesday,12:00,YouTube Shorts / Reels / TikTok,Vertical Video (9:16),Episode 11,"Ayah Focus: Surah Hud 11:112, 114–115","Listen to Surah Hud 11:112, 114–115 with an open heart. What is Allah asking of you right now?",#QuranAyah #DailyQuran #Tadabbur,08_SCRIPTS/QURAN-COMEBACK-SHORTS-011.md#Scene-2,Read. Reflect. Return.
2026-11-24,Tuesday,15:00,WhatsApp Status / Telegram Channel,Reflection Card (1:1),Episode 11,Daily Contemplation Card: Episode 11,"🌿 *Huurs Daily Contemplation — Episode 11*

""Surah Hud 11:112, 114–115""

The 3-Good-Deeds Anchor: When you feel your faith wavering today, do not punish yourself with paralyzing guilt. Immediately perform three silent micro-good deeds (a hidden charity, two rak'ahs of duha, or removing harm from a path).",#DailyReflection,14_SOCIAL/QURAN-COMEBACK-SOCIAL-011.md#WhatsApp,Read. Reflect. Return.
2026-11-25,Wednesday,12:00,YouTube Shorts / Reels / TikTok,Vertical Video (9:16),Episode 11,Action Step: How to Stand Firm When Everything Around You Is Shaking,"The 3-Good-Deeds Anchor: When you feel your faith wavering today, do not punish yourself with paralyzing guilt. Immediately perform three silent micro-good deeds (a hidden charity, two rak'ahs of duha, or removing harm from a path). Try this today.",#QuranHabit #Consistency,08_SCRIPTS/QURAN-COMEBACK-SHORTS-011.md#Scene-3,Read. Reflect. Return.
2026-11-25,Wednesday,16:00,Instagram,10-Slide Educational Carousel,Episode 11,Instagram Carousel: How to Stand Firm When Everything Around You Is Shaking,"How to Stand Firm When Everything Around You Is Shaking

Have you ever felt so spiritually exhausted that just holding on to your faith felt like holding a burning ember?

Read the full carousel for classical tafsir and the 3-minute evening return routine.

#ComeBackToQuran #HuursStudio",#ComeBackToQuran #Tadabbur #HuursStudio,14_SOCIAL/QURAN-COMEBACK-SOCIAL-011.md#Instagram,Read. Reflect. Return.
2026-11-26,Thursday,12:00,YouTube Shorts / Reels / TikTok,Vertical Video (9:16),Episode 11,Deep Question: Episode 11,An honest question for your soul today: When was the last time the Qur'an made you pause and reflect? How to Stand Firm When Everything Around You Is Shaking,#DeepQuestion #HeartAudit,08_SCRIPTS/QURAN-COMEBACK-SHORTS-011.md#Scene-4,Read. Reflect. Return.
2026-11-26,Thursday,17:00,Email / Substack Newsletter,Contemplation Essay & Weekly Check-in,Episode 11,Weekly Broadcast: How to Stand Firm When Everything Around You Is Shaking,"Weekly broadcast exploring Surah Hud 11:112, 114–115, classical tafsir insights from Ibn Kathir, and guided journal prompts.",#Newsletter #EmailBroadcast,15_MARKETING/QURAN-COMEBACK-EMAIL-SERIES-001.md,Read. Reflect. Return.
2026-11-27,Friday,07:00,YouTube Shorts / Reels / TikTok,Vertical Video (9:16),Episode 11,"Jummah Reflection: Surah Hud 11:112, 114–115","Jummah Mubarak. As you prepare for prayer, remember: Surah Hud 11:112, 114–115.",#JummahMubarak #FridayReflection,08_SCRIPTS/QURAN-COMEBACK-SHORTS-011.md#Scene-5,Read. Reflect. Return.
2026-11-27,Friday,10:00,Twitter / X,10-Post Educational Thread,Episode 11,Twitter Thread: How to Stand Firm When Everything Around You Is Shaking,"1/10 Have you ever felt so spiritually exhausted that just holding on to your faith felt like holding a burning ember? A thread on Surah Hud (Surah Hud 11:112, 114–115). 🧵",#Quran #Islam #Tadabbur,14_SOCIAL/QURAN-COMEBACK-SOCIAL-011.md#Twitter,Read. Reflect. Return.
2026-11-28,Saturday,09:00,Spotify / Apple Podcasts / Web,Spoken Reflection (Acoustic Audio),Episode 11,Podcast: How to Stand Firm When Everything Around You Is Shaking,Unhurried spoken reflection over natural acoustic atmosphere (zero music). How to Stand Firm When Everything Around You Is Shaking.,#IslamicPodcast #CalmReflection,11_AUDIO/QURAN-COMEBACK-AUDIO-011.md,Read. Reflect. Return.
2026-11-29,Sunday,08:00,YouTube,Long-Form Video (16:9),Episode 12,Episode 12: When Allah's Plan Hurts Before It Heals,"Full video essay exploring Surah Yusuf 12:18, 86, 100. The subtle divine decree (Al-Latif), beautiful patience (Sabrun Jamil), and forgiving from a position of strength.

Watch here: https://youtube.com/@HuursStudio",#ComeBackToQuran #HuursStudio #Tadabbur,10_VIDEO/QURAN-COMEBACK-VIDEO-012.md,Read. Reflect. Return.
2026-11-30,Monday,12:00,YouTube Shorts / Reels / TikTok,Vertical Video (9:16),Episode 12,Short: Why do the people closest to you sometimes cause the deepest wounds—and why does Allah let righteous people suffer years of injustice?,Why do the people closest to you sometimes cause the deepest wounds—and why does Allah let righteous people suffer years of injustice? When Allah's Plan Hurts Before It Heals. #Shorts,#Shorts #Reels #QuranReminder,08_SCRIPTS/QURAN-COMEBACK-SHORTS-012.md#Scene-1,Read. Reflect. Return.
2026-12-01,Tuesday,12:00,YouTube Shorts / Reels / TikTok,Vertical Video (9:16),Episode 12,"Ayah Focus: Surah Yusuf 12:18, 86, 100","Listen to Surah Yusuf 12:18, 86, 100 with an open heart. What is Allah asking of you right now?",#QuranAyah #DailyQuran #Tadabbur,08_SCRIPTS/QURAN-COMEBACK-SHORTS-012.md#Scene-2,Read. Reflect. Return.
2026-12-01,Tuesday,15:00,WhatsApp Status / Telegram Channel,Reflection Card (1:1),Episode 12,Daily Contemplation Card: Episode 12,"🌿 *Huurs Daily Contemplation — Episode 12*

""Surah Yusuf 12:18, 86, 100""

The Private Grievance Protocol: Today, whatever betrayal or delay is keeping you awake at night, refuse to complain to human beings on social media or group chats. Turn off your screen, make wudu, sit in the dark, and whisper verse 12:86 to Allah alone.",#DailyReflection,14_SOCIAL/QURAN-COMEBACK-SOCIAL-012.md#WhatsApp,Read. Reflect. Return.
2026-12-02,Wednesday,12:00,YouTube Shorts / Reels / TikTok,Vertical Video (9:16),Episode 12,Action Step: When Allah's Plan Hurts Before It Heals,"The Private Grievance Protocol: Today, whatever betrayal or delay is keeping you awake at night, refuse to complain to human beings on social media or group chats. Turn off your screen, make wudu, sit in the dark, and whisper verse 12:86 to Allah alone. Try this today.",#QuranHabit #Consistency,08_SCRIPTS/QURAN-COMEBACK-SHORTS-012.md#Scene-3,Read. Reflect. Return.
2026-12-02,Wednesday,16:00,Instagram,10-Slide Educational Carousel,Episode 12,Instagram Carousel: When Allah's Plan Hurts Before It Heals,"When Allah's Plan Hurts Before It Heals

Why do the people closest to you sometimes cause the deepest wounds—and why does Allah let righteous people suffer years of injustice?

Read the full carousel for classical tafsir and the 3-minute evening return routine.

#ComeBackToQuran #HuursStudio",#ComeBackToQuran #Tadabbur #HuursStudio,14_SOCIAL/QURAN-COMEBACK-SOCIAL-012.md#Instagram,Read. Reflect. Return.
2026-12-03,Thursday,12:00,YouTube Shorts / Reels / TikTok,Vertical Video (9:16),Episode 12,Deep Question: Episode 12,An honest question for your soul today: When was the last time the Qur'an made you pause and reflect? When Allah's Plan Hurts Before It Heals,#DeepQuestion #HeartAudit,08_SCRIPTS/QURAN-COMEBACK-SHORTS-012.md#Scene-4,Read. Reflect. Return.
2026-12-03,Thursday,17:00,Email / Substack Newsletter,Contemplation Essay & Weekly Check-in,Episode 12,Weekly Broadcast: When Allah's Plan Hurts Before It Heals,"Weekly broadcast exploring Surah Yusuf 12:18, 86, 100, classical tafsir insights from Ibn Kathir, and guided journal prompts.",#Newsletter #EmailBroadcast,15_MARKETING/QURAN-COMEBACK-EMAIL-SERIES-001.md,Read. Reflect. Return.
2026-12-04,Friday,07:00,YouTube Shorts / Reels / TikTok,Vertical Video (9:16),Episode 12,"Jummah Reflection: Surah Yusuf 12:18, 86, 100","Jummah Mubarak. As you prepare for prayer, remember: Surah Yusuf 12:18, 86, 100.",#JummahMubarak #FridayReflection,08_SCRIPTS/QURAN-COMEBACK-SHORTS-012.md#Scene-5,Read. Reflect. Return.
2026-12-04,Friday,10:00,Twitter / X,10-Post Educational Thread,Episode 12,Twitter Thread: When Allah's Plan Hurts Before It Heals,"1/10 Why do the people closest to you sometimes cause the deepest wounds—and why does Allah let righteous people suffer years of injustice? A thread on Surah Yusuf (Surah Yusuf 12:18, 86, 100). 🧵",#Quran #Islam #Tadabbur,14_SOCIAL/QURAN-COMEBACK-SOCIAL-012.md#Twitter,Read. Reflect. Return.
2026-12-05,Saturday,09:00,Spotify / Apple Podcasts / Web,Spoken Reflection (Acoustic Audio),Episode 12,Podcast: When Allah's Plan Hurts Before It Heals,Unhurried spoken reflection over natural acoustic atmosphere (zero music). When Allah's Plan Hurts Before It Heals.,#IslamicPodcast #CalmReflection,11_AUDIO/QURAN-COMEBACK-AUDIO-012.md,Read. Reflect. Return.
2026-12-06,Sunday,08:00,YouTube,Long-Form Video (16:9),Episode 13,Episode 13: The Peace You Can't Buy with Money,"Full video essay exploring Surah Ar-Ra'd 13:11, 28. Internal psychological transformation, the neurological and spiritual reality of tranquility (Itmi'nan), and divine change.

Watch here: https://youtube.com/@HuursStudio",#ComeBackToQuran #HuursStudio #Tadabbur,10_VIDEO/QURAN-COMEBACK-VIDEO-013.md,Read. Reflect. Return.
2026-12-07,Monday,12:00,YouTube Shorts / Reels / TikTok,Vertical Video (9:16),Episode 13,"Short: Why is it that our generation has the most comfortable beds, the safest neighborhoods, and the highest rates of unexplainable inner panic?","Why is it that our generation has the most comfortable beds, the safest neighborhoods, and the highest rates of unexplainable inner panic? The Peace You Can't Buy with Money. #Shorts",#Shorts #Reels #QuranReminder,08_SCRIPTS/QURAN-COMEBACK-SHORTS-013.md#Scene-1,Read. Reflect. Return.
2026-12-08,Tuesday,12:00,YouTube Shorts / Reels / TikTok,Vertical Video (9:16),Episode 13,"Ayah Focus: Surah Ar-Ra'd 13:11, 28","Listen to Surah Ar-Ra'd 13:11, 28 with an open heart. What is Allah asking of you right now?",#QuranAyah #DailyQuran #Tadabbur,08_SCRIPTS/QURAN-COMEBACK-SHORTS-013.md#Scene-2,Read. Reflect. Return.
2026-12-08,Tuesday,15:00,WhatsApp Status / Telegram Channel,Reflection Card (1:1),Episode 13,Daily Contemplation Card: Episode 13,"🌿 *Huurs Daily Contemplation — Episode 13*

""Surah Ar-Ra'd 13:11, 28""

The 100-Tasbeeh Digital Detox: Replace 10 minutes of evening doomscrolling with 100 conscious repetitions of 'Subhan Allah wa bihamdihi'. Notice the physiological calming of your breath and pulse.",#DailyReflection,14_SOCIAL/QURAN-COMEBACK-SOCIAL-013.md#WhatsApp,Read. Reflect. Return.
2026-12-09,Wednesday,12:00,YouTube Shorts / Reels / TikTok,Vertical Video (9:16),Episode 13,Action Step: The Peace You Can't Buy with Money,The 100-Tasbeeh Digital Detox: Replace 10 minutes of evening doomscrolling with 100 conscious repetitions of 'Subhan Allah wa bihamdihi'. Notice the physiological calming of your breath and pulse. Try this today.,#QuranHabit #Consistency,08_SCRIPTS/QURAN-COMEBACK-SHORTS-013.md#Scene-3,Read. Reflect. Return.
2026-12-09,Wednesday,16:00,Instagram,10-Slide Educational Carousel,Episode 13,Instagram Carousel: The Peace You Can't Buy with Money,"The Peace You Can't Buy with Money

Why is it that our generation has the most comfortable beds, the safest neighborhoods, and the highest rates of unexplainable inner panic?

Read the full carousel for classical tafsir and the 3-minute evening return routine.

#ComeBackToQuran #HuursStudio",#ComeBackToQuran #Tadabbur #HuursStudio,14_SOCIAL/QURAN-COMEBACK-SOCIAL-013.md#Instagram,Read. Reflect. Return.
2026-12-10,Thursday,12:00,YouTube Shorts / Reels / TikTok,Vertical Video (9:16),Episode 13,Deep Question: Episode 13,An honest question for your soul today: When was the last time the Qur'an made you pause and reflect? The Peace You Can't Buy with Money,#DeepQuestion #HeartAudit,08_SCRIPTS/QURAN-COMEBACK-SHORTS-013.md#Scene-4,Read. Reflect. Return.
2026-12-10,Thursday,17:00,Email / Substack Newsletter,Contemplation Essay & Weekly Check-in,Episode 13,Weekly Broadcast: The Peace You Can't Buy with Money,"Weekly broadcast exploring Surah Ar-Ra'd 13:11, 28, classical tafsir insights from Ibn Kathir, and guided journal prompts.",#Newsletter #EmailBroadcast,15_MARKETING/QURAN-COMEBACK-EMAIL-SERIES-001.md,Read. Reflect. Return.
2026-12-11,Friday,07:00,YouTube Shorts / Reels / TikTok,Vertical Video (9:16),Episode 13,"Jummah Reflection: Surah Ar-Ra'd 13:11, 28","Jummah Mubarak. As you prepare for prayer, remember: Surah Ar-Ra'd 13:11, 28.",#JummahMubarak #FridayReflection,08_SCRIPTS/QURAN-COMEBACK-SHORTS-013.md#Scene-5,Read. Reflect. Return.
2026-12-11,Friday,10:00,Twitter / X,10-Post Educational Thread,Episode 13,Twitter Thread: The Peace You Can't Buy with Money,"1/10 Why is it that our generation has the most comfortable beds, the safest neighborhoods, and the highest rates of unexplainable inner panic? A thread on Surah Ar-Ra'd (Surah Ar-Ra'd 13:11, 28). 🧵",#Quran #Islam #Tadabbur,14_SOCIAL/QURAN-COMEBACK-SOCIAL-013.md#Twitter,Read. Reflect. Return.
2026-12-12,Saturday,09:00,Spotify / Apple Podcasts / Web,Spoken Reflection (Acoustic Audio),Episode 13,Podcast: The Peace You Can't Buy with Money,Unhurried spoken reflection over natural acoustic atmosphere (zero music). The Peace You Can't Buy with Money.,#IslamicPodcast #CalmReflection,11_AUDIO/QURAN-COMEBACK-AUDIO-013.md,Read. Reflect. Return.
2026-12-13,Sunday,08:00,YouTube,Long-Form Video (16:9),Episode 14,Episode 14: The Secret of Never Losing What You Have,"Full video essay exploring Surah Ibrahim 14:7, 24–25. Gratitude as an active spiritual shield, the Parable of the Good Tree (roots deep in earth, fruit at all seasons).

Watch here: https://youtube.com/@HuursStudio",#ComeBackToQuran #HuursStudio #Tadabbur,10_VIDEO/QURAN-COMEBACK-VIDEO-014.md,Read. Reflect. Return.
2026-12-14,Monday,12:00,YouTube Shorts / Reels / TikTok,Vertical Video (9:16),Episode 14,"Short: What if the reason you feel constant anxiety about losing your career, health, or loved ones is because you haven't locked them with the divine key of Shukr?","What if the reason you feel constant anxiety about losing your career, health, or loved ones is because you haven't locked them with the divine key of Shukr? The Secret of Never Losing What You Have. #Shorts",#Shorts #Reels #QuranReminder,08_SCRIPTS/QURAN-COMEBACK-SHORTS-014.md#Scene-1,Read. Reflect. Return.
2026-12-15,Tuesday,12:00,YouTube Shorts / Reels / TikTok,Vertical Video (9:16),Episode 14,"Ayah Focus: Surah Ibrahim 14:7, 24–25","Listen to Surah Ibrahim 14:7, 24–25 with an open heart. What is Allah asking of you right now?",#QuranAyah #DailyQuran #Tadabbur,08_SCRIPTS/QURAN-COMEBACK-SHORTS-014.md#Scene-2,Read. Reflect. Return.
2026-12-15,Tuesday,15:00,WhatsApp Status / Telegram Channel,Reflection Card (1:1),Episode 14,Daily Contemplation Card: Episode 14,"🌿 *Huurs Daily Contemplation — Episode 14*

""Surah Ibrahim 14:7, 24–25""

The Uncounted Blessing Audit: Write down 5 things you currently enjoy that you never prayed for (e.g. functioning kidneys, peaceful oxygen, parents' sacrifices). Say Alhamdulillah for each with deliberate contemplation.",#DailyReflection,14_SOCIAL/QURAN-COMEBACK-SOCIAL-014.md#WhatsApp,Read. Reflect. Return.
2026-12-16,Wednesday,12:00,YouTube Shorts / Reels / TikTok,Vertical Video (9:16),Episode 14,Action Step: The Secret of Never Losing What You Have,"The Uncounted Blessing Audit: Write down 5 things you currently enjoy that you never prayed for (e.g. functioning kidneys, peaceful oxygen, parents' sacrifices). Say Alhamdulillah for each with deliberate contemplation. Try this today.",#QuranHabit #Consistency,08_SCRIPTS/QURAN-COMEBACK-SHORTS-014.md#Scene-3,Read. Reflect. Return.
2026-12-16,Wednesday,16:00,Instagram,10-Slide Educational Carousel,Episode 14,Instagram Carousel: The Secret of Never Losing What You Have,"The Secret of Never Losing What You Have

What if the reason you feel constant anxiety about losing your career, health, or loved ones is because you haven't locked them with the divine key of Shukr?

Read the full carousel for classical tafsir and the 3-minute evening return routine.

#ComeBackToQuran #HuursStudio",#ComeBackToQuran #Tadabbur #HuursStudio,14_SOCIAL/QURAN-COMEBACK-SOCIAL-014.md#Instagram,Read. Reflect. Return.
2026-12-17,Thursday,12:00,YouTube Shorts / Reels / TikTok,Vertical Video (9:16),Episode 14,Deep Question: Episode 14,An honest question for your soul today: When was the last time the Qur'an made you pause and reflect? The Secret of Never Losing What You Have,#DeepQuestion #HeartAudit,08_SCRIPTS/QURAN-COMEBACK-SHORTS-014.md#Scene-4,Read. Reflect. Return.
2026-12-17,Thursday,17:00,Email / Substack Newsletter,Contemplation Essay & Weekly Check-in,Episode 14,Weekly Broadcast: The Secret of Never Losing What You Have,"Weekly broadcast exploring Surah Ibrahim 14:7, 24–25, classical tafsir insights from Ibn Kathir, and guided journal prompts.",#Newsletter #EmailBroadcast,15_MARKETING/QURAN-COMEBACK-EMAIL-SERIES-001.md,Read. Reflect. Return.
2026-12-18,Friday,07:00,YouTube Shorts / Reels / TikTok,Vertical Video (9:16),Episode 14,"Jummah Reflection: Surah Ibrahim 14:7, 24–25","Jummah Mubarak. As you prepare for prayer, remember: Surah Ibrahim 14:7, 24–25.",#JummahMubarak #FridayReflection,08_SCRIPTS/QURAN-COMEBACK-SHORTS-014.md#Scene-5,Read. Reflect. Return.
2026-12-18,Friday,10:00,Twitter / X,10-Post Educational Thread,Episode 14,Twitter Thread: The Secret of Never Losing What You Have,"1/10 What if the reason you feel constant anxiety about losing your career, health, or loved ones is because you haven't locked them with the divine key of Shukr? A thread on Surah Ibrahim (Surah Ibrahim 14:7, 24–25). 🧵",#Quran #Islam #Tadabbur,14_SOCIAL/QURAN-COMEBACK-SOCIAL-014.md#Twitter,Read. Reflect. Return.
2026-12-19,Saturday,09:00,Spotify / Apple Podcasts / Web,Spoken Reflection (Acoustic Audio),Episode 14,Podcast: The Secret of Never Losing What You Have,Unhurried spoken reflection over natural acoustic atmosphere (zero music). The Secret of Never Losing What You Have.,#IslamicPodcast #CalmReflection,11_AUDIO/QURAN-COMEBACK-AUDIO-014.md,Read. Reflect. Return.
2026-12-20,Sunday,08:00,YouTube,Long-Form Video (16:9),Episode 15,Episode 15: What to Do When Words Wound Your Soul,"Full video essay exploring Surah Al-Hijr 15:9, 97–99. Divine validation of emotional hurt, the eternal preservation of divine truth, and Sajdah as emotional rehabilitation.

Watch here: https://youtube.com/@HuursStudio",#ComeBackToQuran #HuursStudio #Tadabbur,10_VIDEO/QURAN-COMEBACK-VIDEO-015.md,Read. Reflect. Return.
2026-12-21,Monday,12:00,YouTube Shorts / Reels / TikTok,Vertical Video (9:16),Episode 15,"Short: When someone mocks your character, spreads rumors about you, or betrays your trust, what happens inside your chest—and what is the Qur'an's exact antidote?","When someone mocks your character, spreads rumors about you, or betrays your trust, what happens inside your chest—and what is the Qur'an's exact antidote? What to Do When Words Wound Your Soul. #Shorts",#Shorts #Reels #QuranReminder,08_SCRIPTS/QURAN-COMEBACK-SHORTS-015.md#Scene-1,Read. Reflect. Return.
2026-12-22,Tuesday,12:00,YouTube Shorts / Reels / TikTok,Vertical Video (9:16),Episode 15,"Ayah Focus: Surah Al-Hijr 15:9, 97–99","Listen to Surah Al-Hijr 15:9, 97–99 with an open heart. What is Allah asking of you right now?",#QuranAyah #DailyQuran #Tadabbur,08_SCRIPTS/QURAN-COMEBACK-SHORTS-015.md#Scene-2,Read. Reflect. Return.
2026-12-22,Tuesday,15:00,WhatsApp Status / Telegram Channel,Reflection Card (1:1),Episode 15,Daily Contemplation Card: Episode 15,"🌿 *Huurs Daily Contemplation — Episode 15*

""Surah Al-Hijr 15:9, 97–99""

The Sajdah of Relief: If anyone made you feel humiliated or hurt this week, do not fire back an angry text. Make two rak'ahs and make your Sujood 3 minutes long. Lay your forehead on the earth and tell Allah exactly where it hurts.",#DailyReflection,14_SOCIAL/QURAN-COMEBACK-SOCIAL-015.md#WhatsApp,Read. Reflect. Return.
2026-12-23,Wednesday,12:00,YouTube Shorts / Reels / TikTok,Vertical Video (9:16),Episode 15,Action Step: What to Do When Words Wound Your Soul,"The Sajdah of Relief: If anyone made you feel humiliated or hurt this week, do not fire back an angry text. Make two rak'ahs and make your Sujood 3 minutes long. Lay your forehead on the earth and tell Allah exactly where it hurts. Try this today.",#QuranHabit #Consistency,08_SCRIPTS/QURAN-COMEBACK-SHORTS-015.md#Scene-3,Read. Reflect. Return.
2026-12-23,Wednesday,16:00,Instagram,10-Slide Educational Carousel,Episode 15,Instagram Carousel: What to Do When Words Wound Your Soul,"What to Do When Words Wound Your Soul

When someone mocks your character, spreads rumors about you, or betrays your trust, what happens inside your chest—and what is the Qur'an's exact antidote?

Read the full carousel for classical tafsir and the 3-minute evening return routine.

#ComeBackToQuran #HuursStudio",#ComeBackToQuran #Tadabbur #HuursStudio,14_SOCIAL/QURAN-COMEBACK-SOCIAL-015.md#Instagram,Read. Reflect. Return.
2026-12-24,Thursday,12:00,YouTube Shorts / Reels / TikTok,Vertical Video (9:16),Episode 15,Deep Question: Episode 15,An honest question for your soul today: When was the last time the Qur'an made you pause and reflect? What to Do When Words Wound Your Soul,#DeepQuestion #HeartAudit,08_SCRIPTS/QURAN-COMEBACK-SHORTS-015.md#Scene-4,Read. Reflect. Return.
2026-12-24,Thursday,17:00,Email / Substack Newsletter,Contemplation Essay & Weekly Check-in,Episode 15,Weekly Broadcast: What to Do When Words Wound Your Soul,"Weekly broadcast exploring Surah Al-Hijr 15:9, 97–99, classical tafsir insights from Ibn Kathir, and guided journal prompts.",#Newsletter #EmailBroadcast,15_MARKETING/QURAN-COMEBACK-EMAIL-SERIES-001.md,Read. Reflect. Return.
2026-12-25,Friday,07:00,YouTube Shorts / Reels / TikTok,Vertical Video (9:16),Episode 15,"Jummah Reflection: Surah Al-Hijr 15:9, 97–99","Jummah Mubarak. As you prepare for prayer, remember: Surah Al-Hijr 15:9, 97–99.",#JummahMubarak #FridayReflection,08_SCRIPTS/QURAN-COMEBACK-SHORTS-015.md#Scene-5,Read. Reflect. Return.
2026-12-25,Friday,10:00,Twitter / X,10-Post Educational Thread,Episode 15,Twitter Thread: What to Do When Words Wound Your Soul,"1/10 When someone mocks your character, spreads rumors about you, or betrays your trust, what happens inside your chest—and what is the Qur'an's exact antidote? A thread on Surah Al-Hijr (Surah Al-Hijr 15:9, 97–99). 🧵",#Quran #Islam #Tadabbur,14_SOCIAL/QURAN-COMEBACK-SOCIAL-015.md#Twitter,Read. Reflect. Return.
2026-12-26,Saturday,09:00,Spotify / Apple Podcasts / Web,Spoken Reflection (Acoustic Audio),Episode 15,Podcast: What to Do When Words Wound Your Soul,Unhurried spoken reflection over natural acoustic atmosphere (zero music). What to Do When Words Wound Your Soul.,#IslamicPodcast #CalmReflection,11_AUDIO/QURAN-COMEBACK-AUDIO-015.md,Read. Reflect. Return.
2026-12-27,Sunday,08:00,YouTube,Long-Form Video (16:9),Episode 16,Episode 16: Countless Gifts You Stopped Noticing,"Full video essay exploring Surah An-Nahl 16:18, 68–69, 90. Cosmic mindfulness, the architectural genius of nature as proof of divine care, and the universal charter of Justice and Ihsan.

Watch here: https://youtube.com/@HuursStudio",#ComeBackToQuran #HuursStudio #Tadabbur,10_VIDEO/QURAN-COMEBACK-VIDEO-016.md,Read. Reflect. Return.
2026-12-28,Monday,12:00,YouTube Shorts / Reels / TikTok,Vertical Video (9:16),Episode 16,"Short: We complain about the 2 things that didn't go our way today, while ignoring the 10,000 biological miracles that kept us alive since sunrise.","We complain about the 2 things that didn't go our way today, while ignoring the 10,000 biological miracles that kept us alive since sunrise. Countless Gifts You Stopped Noticing. #Shorts",#Shorts #Reels #QuranReminder,08_SCRIPTS/QURAN-COMEBACK-SHORTS-016.md#Scene-1,Read. Reflect. Return.
2026-12-29,Tuesday,12:00,YouTube Shorts / Reels / TikTok,Vertical Video (9:16),Episode 16,"Ayah Focus: Surah An-Nahl 16:18, 68–69, 90","Listen to Surah An-Nahl 16:18, 68–69, 90 with an open heart. What is Allah asking of you right now?",#QuranAyah #DailyQuran #Tadabbur,08_SCRIPTS/QURAN-COMEBACK-SHORTS-016.md#Scene-2,Read. Reflect. Return.
2026-12-29,Tuesday,15:00,WhatsApp Status / Telegram Channel,Reflection Card (1:1),Episode 16,Daily Contemplation Card: Episode 16,"🌿 *Huurs Daily Contemplation — Episode 16*

""Surah An-Nahl 16:18, 68–69, 90""

The Natural Sight Walk: Step outside for 10 minutes without headphones. Look at the leaves, the flight of birds, the cool air entering your lungs, and acknowledge the unseen mercy sustaining you.",#DailyReflection,14_SOCIAL/QURAN-COMEBACK-SOCIAL-016.md#WhatsApp,Read. Reflect. Return.
2026-12-30,Wednesday,12:00,YouTube Shorts / Reels / TikTok,Vertical Video (9:16),Episode 16,Action Step: Countless Gifts You Stopped Noticing,"The Natural Sight Walk: Step outside for 10 minutes without headphones. Look at the leaves, the flight of birds, the cool air entering your lungs, and acknowledge the unseen mercy sustaining you. Try this today.",#QuranHabit #Consistency,08_SCRIPTS/QURAN-COMEBACK-SHORTS-016.md#Scene-3,Read. Reflect. Return.
2026-12-30,Wednesday,16:00,Instagram,10-Slide Educational Carousel,Episode 16,Instagram Carousel: Countless Gifts You Stopped Noticing,"Countless Gifts You Stopped Noticing

We complain about the 2 things that didn't go our way today, while ignoring the 10,000 biological miracles that kept us alive since sunrise.

Read the full carousel for classical tafsir and the 3-minute evening return routine.

#ComeBackToQuran #HuursStudio",#ComeBackToQuran #Tadabbur #HuursStudio,14_SOCIAL/QURAN-COMEBACK-SOCIAL-016.md#Instagram,Read. Reflect. Return.
2026-12-31,Thursday,12:00,YouTube Shorts / Reels / TikTok,Vertical Video (9:16),Episode 16,Deep Question: Episode 16,An honest question for your soul today: When was the last time the Qur'an made you pause and reflect? Countless Gifts You Stopped Noticing,#DeepQuestion #HeartAudit,08_SCRIPTS/QURAN-COMEBACK-SHORTS-016.md#Scene-4,Read. Reflect. Return.
2026-12-31,Thursday,17:00,Email / Substack Newsletter,Contemplation Essay & Weekly Check-in,Episode 16,Weekly Broadcast: Countless Gifts You Stopped Noticing,"Weekly broadcast exploring Surah An-Nahl 16:18, 68–69, 90, classical tafsir insights from Ibn Kathir, and guided journal prompts.",#Newsletter #EmailBroadcast,15_MARKETING/QURAN-COMEBACK-EMAIL-SERIES-001.md,Read. Reflect. Return.
2027-01-01,Friday,07:00,YouTube Shorts / Reels / TikTok,Vertical Video (9:16),Episode 16,"Jummah Reflection: Surah An-Nahl 16:18, 68–69, 90","Jummah Mubarak. As you prepare for prayer, remember: Surah An-Nahl 16:18, 68–69, 90.",#JummahMubarak #FridayReflection,08_SCRIPTS/QURAN-COMEBACK-SHORTS-016.md#Scene-5,Read. Reflect. Return.
2027-01-01,Friday,10:00,Twitter / X,10-Post Educational Thread,Episode 16,Twitter Thread: Countless Gifts You Stopped Noticing,"1/10 We complain about the 2 things that didn't go our way today, while ignoring the 10,000 biological miracles that kept us alive since sunrise. A thread on Surah An-Nahl (Surah An-Nahl 16:18, 68–69, 90). 🧵",#Quran #Islam #Tadabbur,14_SOCIAL/QURAN-COMEBACK-SOCIAL-016.md#Twitter,Read. Reflect. Return.
2027-01-02,Saturday,09:00,Spotify / Apple Podcasts / Web,Spoken Reflection (Acoustic Audio),Episode 16,Podcast: Countless Gifts You Stopped Noticing,Unhurried spoken reflection over natural acoustic atmosphere (zero music). Countless Gifts You Stopped Noticing.,#IslamicPodcast #CalmReflection,11_AUDIO/QURAN-COMEBACK-AUDIO-016.md,Read. Reflect. Return.
2027-01-03,Sunday,08:00,YouTube,Long-Form Video (16:9),Episode 17,Episode 17: The Two People Who Deserve Your Gentle Voice,"Full video essay exploring Surah Al-Isra 17:23–24, 79, 82. The sacred charter of parents, the nocturnal sanctuary of Tahajjud, and the healing power of Qur'anic recitation.

Watch here: https://youtube.com/@HuursStudio",#ComeBackToQuran #HuursStudio #Tadabbur,10_VIDEO/QURAN-COMEBACK-VIDEO-017.md,Read. Reflect. Return.
2027-01-04,Monday,12:00,YouTube Shorts / Reels / TikTok,Vertical Video (9:16),Episode 17,"Short: Why is it that we can speak with infinite patience to colleagues and strangers, yet unleash our shortest tempers on the aging parents who raised us?","Why is it that we can speak with infinite patience to colleagues and strangers, yet unleash our shortest tempers on the aging parents who raised us? The Two People Who Deserve Your Gentle Voice. #Shorts",#Shorts #Reels #QuranReminder,08_SCRIPTS/QURAN-COMEBACK-SHORTS-017.md#Scene-1,Read. Reflect. Return.
2027-01-05,Tuesday,12:00,YouTube Shorts / Reels / TikTok,Vertical Video (9:16),Episode 17,"Ayah Focus: Surah Al-Isra 17:23–24, 79, 82","Listen to Surah Al-Isra 17:23–24, 79, 82 with an open heart. What is Allah asking of you right now?",#QuranAyah #DailyQuran #Tadabbur,08_SCRIPTS/QURAN-COMEBACK-SHORTS-017.md#Scene-2,Read. Reflect. Return.
2027-01-05,Tuesday,15:00,WhatsApp Status / Telegram Channel,Reflection Card (1:1),Episode 17,Daily Contemplation Card: Episode 17,"🌿 *Huurs Daily Contemplation — Episode 17*

""Surah Al-Isra 17:23–24, 79, 82""

The Lowered Wing Call: If your parents are alive, call them today with no agenda other than to ask how their day was, speaking with the gentle cadence commanded in 17:24. If they have passed, make a sincere du'a for their forgiveness.",#DailyReflection,14_SOCIAL/QURAN-COMEBACK-SOCIAL-017.md#WhatsApp,Read. Reflect. Return.
2027-01-06,Wednesday,12:00,YouTube Shorts / Reels / TikTok,Vertical Video (9:16),Episode 17,Action Step: The Two People Who Deserve Your Gentle Voice,"The Lowered Wing Call: If your parents are alive, call them today with no agenda other than to ask how their day was, speaking with the gentle cadence commanded in 17:24. If they have passed, make a sincere du'a for their forgiveness. Try this today.",#QuranHabit #Consistency,08_SCRIPTS/QURAN-COMEBACK-SHORTS-017.md#Scene-3,Read. Reflect. Return.
2027-01-06,Wednesday,16:00,Instagram,10-Slide Educational Carousel,Episode 17,Instagram Carousel: The Two People Who Deserve Your Gentle Voice,"The Two People Who Deserve Your Gentle Voice

Why is it that we can speak with infinite patience to colleagues and strangers, yet unleash our shortest tempers on the aging parents who raised us?

Read the full carousel for classical tafsir and the 3-minute evening return routine.

#ComeBackToQuran #HuursStudio",#ComeBackToQuran #Tadabbur #HuursStudio,14_SOCIAL/QURAN-COMEBACK-SOCIAL-017.md#Instagram,Read. Reflect. Return.
2027-01-07,Thursday,12:00,YouTube Shorts / Reels / TikTok,Vertical Video (9:16),Episode 17,Deep Question: Episode 17,An honest question for your soul today: When was the last time the Qur'an made you pause and reflect? The Two People Who Deserve Your Gentle Voice,#DeepQuestion #HeartAudit,08_SCRIPTS/QURAN-COMEBACK-SHORTS-017.md#Scene-4,Read. Reflect. Return.
2027-01-07,Thursday,17:00,Email / Substack Newsletter,Contemplation Essay & Weekly Check-in,Episode 17,Weekly Broadcast: The Two People Who Deserve Your Gentle Voice,"Weekly broadcast exploring Surah Al-Isra 17:23–24, 79, 82, classical tafsir insights from Ibn Kathir, and guided journal prompts.",#Newsletter #EmailBroadcast,15_MARKETING/QURAN-COMEBACK-EMAIL-SERIES-001.md,Read. Reflect. Return.
2027-01-08,Friday,07:00,YouTube Shorts / Reels / TikTok,Vertical Video (9:16),Episode 17,"Jummah Reflection: Surah Al-Isra 17:23–24, 79, 82","Jummah Mubarak. As you prepare for prayer, remember: Surah Al-Isra 17:23–24, 79, 82.",#JummahMubarak #FridayReflection,08_SCRIPTS/QURAN-COMEBACK-SHORTS-017.md#Scene-5,Read. Reflect. Return.
2027-01-08,Friday,10:00,Twitter / X,10-Post Educational Thread,Episode 17,Twitter Thread: The Two People Who Deserve Your Gentle Voice,"1/10 Why is it that we can speak with infinite patience to colleagues and strangers, yet unleash our shortest tempers on the aging parents who raised us? A thread on Surah Al-Isra (Surah Al-Isra 17:23–24, 79, 82). 🧵",#Quran #Islam #Tadabbur,14_SOCIAL/QURAN-COMEBACK-SOCIAL-017.md#Twitter,Read. Reflect. Return.
2027-01-09,Saturday,09:00,Spotify / Apple Podcasts / Web,Spoken Reflection (Acoustic Audio),Episode 17,Podcast: The Two People Who Deserve Your Gentle Voice,Unhurried spoken reflection over natural acoustic atmosphere (zero music). The Two People Who Deserve Your Gentle Voice.,#IslamicPodcast #CalmReflection,11_AUDIO/QURAN-COMEBACK-AUDIO-017.md,Read. Reflect. Return.
2027-01-10,Sunday,08:00,YouTube,Long-Form Video (16:9),Episode 18,Episode 18: The Four Traps of the Modern World,"Full video essay exploring Surah Al-Kahf 18:10, 28, 46, 65–82. The four existential trials: Faith (The Cave), Wealth (Two Gardens), Knowledge (Musa & Khidr), Power (Dhul-Qarnayn).

Watch here: https://youtube.com/@HuursStudio",#ComeBackToQuran #HuursStudio #Tadabbur,10_VIDEO/QURAN-COMEBACK-VIDEO-018.md,Read. Reflect. Return.
2027-01-11,Monday,12:00,YouTube Shorts / Reels / TikTok,Vertical Video (9:16),Episode 18,"Short: Every Friday, millions of Muslims read Surah Al-Kahf. But do we know why this specific Surah is the only shield powerful enough to protect humanity from the ultimate deception?","Every Friday, millions of Muslims read Surah Al-Kahf. But do we know why this specific Surah is the only shield powerful enough to protect humanity from the ultimate deception? The Four Traps of the Modern World. #Shorts",#Shorts #Reels #QuranReminder,08_SCRIPTS/QURAN-COMEBACK-SHORTS-018.md#Scene-1,Read. Reflect. Return.
2027-01-12,Tuesday,12:00,YouTube Shorts / Reels / TikTok,Vertical Video (9:16),Episode 18,"Ayah Focus: Surah Al-Kahf 18:10, 28, 46, 65–82","Listen to Surah Al-Kahf 18:10, 28, 46, 65–82 with an open heart. What is Allah asking of you right now?",#QuranAyah #DailyQuran #Tadabbur,08_SCRIPTS/QURAN-COMEBACK-SHORTS-018.md#Scene-2,Read. Reflect. Return.
2027-01-12,Tuesday,15:00,WhatsApp Status / Telegram Channel,Reflection Card (1:1),Episode 18,Daily Contemplation Card: Episode 18,"🌿 *Huurs Daily Contemplation — Episode 18*

""Surah Al-Kahf 18:10, 28, 46, 65–82""

Friday Kahf Contemplation: Do not merely recite Al-Kahf for speed this Friday. Read the story of Musa and Khidr slowly and remember that what looks like a tragedy in your life right now is merely a ship being scuttled to save it from a king.",#DailyReflection,14_SOCIAL/QURAN-COMEBACK-SOCIAL-018.md#WhatsApp,Read. Reflect. Return.
2027-01-13,Wednesday,12:00,YouTube Shorts / Reels / TikTok,Vertical Video (9:16),Episode 18,Action Step: The Four Traps of the Modern World,Friday Kahf Contemplation: Do not merely recite Al-Kahf for speed this Friday. Read the story of Musa and Khidr slowly and remember that what looks like a tragedy in your life right now is merely a ship being scuttled to save it from a king. Try this today.,#QuranHabit #Consistency,08_SCRIPTS/QURAN-COMEBACK-SHORTS-018.md#Scene-3,Read. Reflect. Return.
2027-01-13,Wednesday,16:00,Instagram,10-Slide Educational Carousel,Episode 18,Instagram Carousel: The Four Traps of the Modern World,"The Four Traps of the Modern World

Every Friday, millions of Muslims read Surah Al-Kahf. But do we know why this specific Surah is the only shield powerful enough to protect humanity from the ultimate deception?

Read the full carousel for classical tafsir and the 3-minute evening return routine.

#ComeBackToQuran #HuursStudio",#ComeBackToQuran #Tadabbur #HuursStudio,14_SOCIAL/QURAN-COMEBACK-SOCIAL-018.md#Instagram,Read. Reflect. Return.
2027-01-14,Thursday,12:00,YouTube Shorts / Reels / TikTok,Vertical Video (9:16),Episode 18,Deep Question: Episode 18,An honest question for your soul today: When was the last time the Qur'an made you pause and reflect? The Four Traps of the Modern World,#DeepQuestion #HeartAudit,08_SCRIPTS/QURAN-COMEBACK-SHORTS-018.md#Scene-4,Read. Reflect. Return.
2027-01-14,Thursday,17:00,Email / Substack Newsletter,Contemplation Essay & Weekly Check-in,Episode 18,Weekly Broadcast: The Four Traps of the Modern World,"Weekly broadcast exploring Surah Al-Kahf 18:10, 28, 46, 65–82, classical tafsir insights from Ibn Kathir, and guided journal prompts.",#Newsletter #EmailBroadcast,15_MARKETING/QURAN-COMEBACK-EMAIL-SERIES-001.md,Read. Reflect. Return.
2027-01-15,Friday,07:00,YouTube Shorts / Reels / TikTok,Vertical Video (9:16),Episode 18,"Jummah Reflection: Surah Al-Kahf 18:10, 28, 46, 65–82","Jummah Mubarak. As you prepare for prayer, remember: Surah Al-Kahf 18:10, 28, 46, 65–82.",#JummahMubarak #FridayReflection,08_SCRIPTS/QURAN-COMEBACK-SHORTS-018.md#Scene-5,Read. Reflect. Return.
2027-01-15,Friday,10:00,Twitter / X,10-Post Educational Thread,Episode 18,Twitter Thread: The Four Traps of the Modern World,"1/10 Every Friday, millions of Muslims read Surah Al-Kahf. But do we know why this specific Surah is the only shield powerful enough to protect humanity from the ultimate deception? A thread on Surah Al-Kahf (Surah Al-Kahf 18:10, 28, 46, 65–82). 🧵",#Quran #Islam #Tadabbur,14_SOCIAL/QURAN-COMEBACK-SOCIAL-018.md#Twitter,Read. Reflect. Return.
2027-01-16,Saturday,09:00,Spotify / Apple Podcasts / Web,Spoken Reflection (Acoustic Audio),Episode 18,Podcast: The Four Traps of the Modern World,Unhurried spoken reflection over natural acoustic atmosphere (zero music). The Four Traps of the Modern World.,#IslamicPodcast #CalmReflection,11_AUDIO/QURAN-COMEBACK-AUDIO-018.md,Read. Reflect. Return.
2027-01-17,Sunday,08:00,YouTube,Long-Form Video (16:9),Episode 19,Episode 19: When the Solution Seems Mathematically Impossible,"Full video essay exploring Surah Maryam 19:4, 9, 23–26. The whisper of desperate supplication (Dua Khafiyya), Maryam's delivery under the palm tree, and the divine declaration: 'It is easy for Me.'

Watch here: https://youtube.com/@HuursStudio",#ComeBackToQuran #HuursStudio #Tadabbur,10_VIDEO/QURAN-COMEBACK-VIDEO-019.md,Read. Reflect. Return.
2027-01-18,Monday,12:00,YouTube Shorts / Reels / TikTok,Vertical Video (9:16),Episode 19,"Short: When the doctor says there is no cure, when the court date looks hopeless, when age and circumstances are completely against you—listen to the quiet whisper of Zakariya.","When the doctor says there is no cure, when the court date looks hopeless, when age and circumstances are completely against you—listen to the quiet whisper of Zakariya. When the Solution Seems Mathematically Impossible. #Shorts",#Shorts #Reels #QuranReminder,08_SCRIPTS/QURAN-COMEBACK-SHORTS-019.md#Scene-1,Read. Reflect. Return.
2027-01-19,Tuesday,12:00,YouTube Shorts / Reels / TikTok,Vertical Video (9:16),Episode 19,"Ayah Focus: Surah Maryam 19:4, 9, 23–26","Listen to Surah Maryam 19:4, 9, 23–26 with an open heart. What is Allah asking of you right now?",#QuranAyah #DailyQuran #Tadabbur,08_SCRIPTS/QURAN-COMEBACK-SHORTS-019.md#Scene-2,Read. Reflect. Return.
2027-01-19,Tuesday,15:00,WhatsApp Status / Telegram Channel,Reflection Card (1:1),Episode 19,Daily Contemplation Card: Episode 19,"🌿 *Huurs Daily Contemplation — Episode 19*

""Surah Maryam 19:4, 9, 23–26""

The Silent Dua of Zakariya: Tonight, wake up 10 minutes before Fajr. Ask Allah for the one thing in your life you feel is 'too late' or 'impossible'. Recite verse 19:9: 'Qala Rabbuka huwa 'alayya hayyin' (My Lord says: It is easy for Me).",#DailyReflection,14_SOCIAL/QURAN-COMEBACK-SOCIAL-019.md#WhatsApp,Read. Reflect. Return.
2027-01-20,Wednesday,12:00,YouTube Shorts / Reels / TikTok,Vertical Video (9:16),Episode 19,Action Step: When the Solution Seems Mathematically Impossible,"The Silent Dua of Zakariya: Tonight, wake up 10 minutes before Fajr. Ask Allah for the one thing in your life you feel is 'too late' or 'impossible'. Recite verse 19:9: 'Qala Rabbuka huwa 'alayya hayyin' (My Lord says: It is easy for Me). Try this today.",#QuranHabit #Consistency,08_SCRIPTS/QURAN-COMEBACK-SHORTS-019.md#Scene-3,Read. Reflect. Return.
2027-01-20,Wednesday,16:00,Instagram,10-Slide Educational Carousel,Episode 19,Instagram Carousel: When the Solution Seems Mathematically Impossible,"When the Solution Seems Mathematically Impossible

When the doctor says there is no cure, when the court date looks hopeless, when age and circumstances are completely against you—listen to the quiet whisper of Zakariya.

Read the full carousel for classical tafsir and the 3-minute evening return routine.

#ComeBackToQuran #HuursStudio",#ComeBackToQuran #Tadabbur #HuursStudio,14_SOCIAL/QURAN-COMEBACK-SOCIAL-019.md#Instagram,Read. Reflect. Return.
2027-01-21,Thursday,12:00,YouTube Shorts / Reels / TikTok,Vertical Video (9:16),Episode 19,Deep Question: Episode 19,An honest question for your soul today: When was the last time the Qur'an made you pause and reflect? When the Solution Seems Mathematically Impossible,#DeepQuestion #HeartAudit,08_SCRIPTS/QURAN-COMEBACK-SHORTS-019.md#Scene-4,Read. Reflect. Return.
2027-01-21,Thursday,17:00,Email / Substack Newsletter,Contemplation Essay & Weekly Check-in,Episode 19,Weekly Broadcast: When the Solution Seems Mathematically Impossible,"Weekly broadcast exploring Surah Maryam 19:4, 9, 23–26, classical tafsir insights from Ibn Kathir, and guided journal prompts.",#Newsletter #EmailBroadcast,15_MARKETING/QURAN-COMEBACK-EMAIL-SERIES-001.md,Read. Reflect. Return.
2027-01-22,Friday,07:00,YouTube Shorts / Reels / TikTok,Vertical Video (9:16),Episode 19,"Jummah Reflection: Surah Maryam 19:4, 9, 23–26","Jummah Mubarak. As you prepare for prayer, remember: Surah Maryam 19:4, 9, 23–26.",#JummahMubarak #FridayReflection,08_SCRIPTS/QURAN-COMEBACK-SHORTS-019.md#Scene-5,Read. Reflect. Return.
2027-01-22,Friday,10:00,Twitter / X,10-Post Educational Thread,Episode 19,Twitter Thread: When the Solution Seems Mathematically Impossible,"1/10 When the doctor says there is no cure, when the court date looks hopeless, when age and circumstances are completely against you—listen to the quiet whisper of Zakariya. A thread on Surah Maryam (Surah Maryam 19:4, 9, 23–26). 🧵",#Quran #Islam #Tadabbur,14_SOCIAL/QURAN-COMEBACK-SOCIAL-019.md#Twitter,Read. Reflect. Return.
2027-01-23,Saturday,09:00,Spotify / Apple Podcasts / Web,Spoken Reflection (Acoustic Audio),Episode 19,Podcast: When the Solution Seems Mathematically Impossible,Unhurried spoken reflection over natural acoustic atmosphere (zero music). When the Solution Seems Mathematically Impossible.,#IslamicPodcast #CalmReflection,11_AUDIO/QURAN-COMEBACK-AUDIO-019.md,Read. Reflect. Return.
2027-01-24,Sunday,08:00,YouTube,Long-Form Video (16:9),Episode 20,Episode 20: The Qur'an Was Not Sent to Break You,"Full video essay exploring Surah Ta-Ha 20:2–3, 14, 25–28, 44. Revelation as mercy rather than misery, Musa at the burning bush, facing Pharaoh with gentle speech, and the prayer for expansion of the chest.

Watch here: https://youtube.com/@HuursStudio",#ComeBackToQuran #HuursStudio #Tadabbur,10_VIDEO/QURAN-COMEBACK-VIDEO-020.md,Read. Reflect. Return.
2027-01-25,Monday,12:00,YouTube Shorts / Reels / TikTok,Vertical Video (9:16),Episode 20,"Short: Why do so many Muslims carry a heavy burden of guilt, feeling that religion is an endless list of impossible rules designed to break their spirit?","Why do so many Muslims carry a heavy burden of guilt, feeling that religion is an endless list of impossible rules designed to break their spirit? The Qur'an Was Not Sent to Break You. #Shorts",#Shorts #Reels #QuranReminder,08_SCRIPTS/QURAN-COMEBACK-SHORTS-020.md#Scene-1,Read. Reflect. Return.
2027-01-26,Tuesday,12:00,YouTube Shorts / Reels / TikTok,Vertical Video (9:16),Episode 20,"Ayah Focus: Surah Ta-Ha 20:2–3, 14, 25–28, 44","Listen to Surah Ta-Ha 20:2–3, 14, 25–28, 44 with an open heart. What is Allah asking of you right now?",#QuranAyah #DailyQuran #Tadabbur,08_SCRIPTS/QURAN-COMEBACK-SHORTS-020.md#Scene-2,Read. Reflect. Return.
2027-01-26,Tuesday,15:00,WhatsApp Status / Telegram Channel,Reflection Card (1:1),Episode 20,Daily Contemplation Card: Episode 20,"🌿 *Huurs Daily Contemplation — Episode 20*

""Surah Ta-Ha 20:2–3, 14, 25–28, 44""

The Speech and Chest Expansion Dua: Memorize and recite Musa's prayer (20:25-28: 'Rabbi ishrah lee sadree, wa yassir lee amree') whenever stepping into a difficult meeting, interview, or challenging family conversation.",#DailyReflection,14_SOCIAL/QURAN-COMEBACK-SOCIAL-020.md#WhatsApp,Read. Reflect. Return.
2027-01-27,Wednesday,12:00,YouTube Shorts / Reels / TikTok,Vertical Video (9:16),Episode 20,Action Step: The Qur'an Was Not Sent to Break You,"The Speech and Chest Expansion Dua: Memorize and recite Musa's prayer (20:25-28: 'Rabbi ishrah lee sadree, wa yassir lee amree') whenever stepping into a difficult meeting, interview, or challenging family conversation. Try this today.",#QuranHabit #Consistency,08_SCRIPTS/QURAN-COMEBACK-SHORTS-020.md#Scene-3,Read. Reflect. Return.
2027-01-27,Wednesday,16:00,Instagram,10-Slide Educational Carousel,Episode 20,Instagram Carousel: The Qur'an Was Not Sent to Break You,"The Qur'an Was Not Sent to Break You

Why do so many Muslims carry a heavy burden of guilt, feeling that religion is an endless list of impossible rules designed to break their spirit?

Read the full carousel for classical tafsir and the 3-minute evening return routine.

#ComeBackToQuran #HuursStudio",#ComeBackToQuran #Tadabbur #HuursStudio,14_SOCIAL/QURAN-COMEBACK-SOCIAL-020.md#Instagram,Read. Reflect. Return.
2027-01-28,Thursday,12:00,YouTube Shorts / Reels / TikTok,Vertical Video (9:16),Episode 20,Deep Question: Episode 20,An honest question for your soul today: When was the last time the Qur'an made you pause and reflect? The Qur'an Was Not Sent to Break You,#DeepQuestion #HeartAudit,08_SCRIPTS/QURAN-COMEBACK-SHORTS-020.md#Scene-4,Read. Reflect. Return.
2027-01-28,Thursday,17:00,Email / Substack Newsletter,Contemplation Essay & Weekly Check-in,Episode 20,Weekly Broadcast: The Qur'an Was Not Sent to Break You,"Weekly broadcast exploring Surah Ta-Ha 20:2–3, 14, 25–28, 44, classical tafsir insights from Ibn Kathir, and guided journal prompts.",#Newsletter #EmailBroadcast,15_MARKETING/QURAN-COMEBACK-EMAIL-SERIES-001.md,Read. Reflect. Return.
2027-01-29,Friday,07:00,YouTube Shorts / Reels / TikTok,Vertical Video (9:16),Episode 20,"Jummah Reflection: Surah Ta-Ha 20:2–3, 14, 25–28, 44","Jummah Mubarak. As you prepare for prayer, remember: Surah Ta-Ha 20:2–3, 14, 25–28, 44.",#JummahMubarak #FridayReflection,08_SCRIPTS/QURAN-COMEBACK-SHORTS-020.md#Scene-5,Read. Reflect. Return.
2027-01-29,Friday,10:00,Twitter / X,10-Post Educational Thread,Episode 20,Twitter Thread: The Qur'an Was Not Sent to Break You,"1/10 Why do so many Muslims carry a heavy burden of guilt, feeling that religion is an endless list of impossible rules designed to break their spirit? A thread on Surah Ta-Ha (Surah Ta-Ha 20:2–3, 14, 25–28, 44). 🧵",#Quran #Islam #Tadabbur,14_SOCIAL/QURAN-COMEBACK-SOCIAL-020.md#Twitter,Read. Reflect. Return.
2027-01-30,Saturday,09:00,Spotify / Apple Podcasts / Web,Spoken Reflection (Acoustic Audio),Episode 20,Podcast: The Qur'an Was Not Sent to Break You,Unhurried spoken reflection over natural acoustic atmosphere (zero music). The Qur'an Was Not Sent to Break You.,#IslamicPodcast #CalmReflection,11_AUDIO/QURAN-COMEBACK-AUDIO-020.md,Read. Reflect. Return.
